episode,runtime_sec,steps,reward,task1_success,task2_success,task3_success,task4_success,task5_success,task6_success,task1_steps,task2_steps,task3_steps,task4_steps,task5_steps,task6_steps,llm_time_task1,llm_time_task2,llm_time_task3,llm_time_task4,llm_time_task5,llm_time_task6,cur_skill_calls
1,51.981603,472,97.974,1,1,1,1,1,1,92,84,120,52,88,36,1.443458,0.923544,0.921771,0.922445,0.941433,0.926441,"0,1,2,3,4,5"
2,47.805313,440,107.977,1,1,1,1,1,1,92,68,120,24,92,44,0.938219,0.921633,0.938025,0.919951,0.923067,0.925802,"0,1,2,3,4,5"
3,50.911919,472,107.933,1,1,1,1,1,1,96,92,136,28,80,40,0.929987,0.935123,0.924181,0.928695,0.923565,0.9205,"0,1,2,3,4,5"
4,50.128612,464,107.913,1,1,1,1,1,1,96,112,120,32,68,36,0.933657,0.925482,0.924507,0.930213,0.929789,0.923828,"0,1,2,3,4,5"
5,46.103973,424,98.0,1,1,1,1,1,1,88,72,112,28,84,40,0.926638,0.916592,0.932254,0.93876,0.92251,0.927412,"0,1,2,3,4,5"
6,44.208554,404,97.996,1,1,1,1,1,1,84,68,112,28,80,32,0.929575,0.92882,0.936539,0.920583,0.926766,0.932896,"0,1,2,3,4,5"
7,48.017559,444,108.0,1,1,1,1,1,1,84,88,124,24,84,40,0.928468,0.930106,0.918581,0.925241,0.930279,0.926196,"0,1,2,3,4,5"
8,49.285999,456,97.943,1,1,1,1,1,1,96,84,124,24,92,36,0.933875,0.925366,0.919354,0.917121,0.932348,0.928519,"0,1,2,3,4,5"
9,43.826679,400,98.0,1,1,1,1,1,1,84,72,108,32,68,36,0.936121,0.925762,0.933841,0.926407,0.928264,0.920763,"0,1,2,3,4,5"
10,47.326697,436,98.0,1,1,1,1,1,1,88,88,108,32,84,36,0.940685,0.919566,0.918356,0.914972,0.933011,0.938405,"0,1,2,3,4,5"
11,48.122373,444,98.0,1,1,1,1,1,1,88,72,132,28,84,40,0.938089,0.924247,0.924005,0.952601,0.923559,0.922014,"0,1,2,3,4,5"
12,45.842583,420,97.994,1,1,1,1,1,1,84,72,112,32,84,36,0.933396,0.938259,0.932755,0.945932,0.91801,0.926404,"0,1,2,3,4,5"
13,51.716377,480,107.973,1,1,1,1,1,1,96,92,140,28,84,40,0.922986,0.928626,0.934812,0.931659,0.937643,0.923731,"0,1,2,3,4,5"
14,48.478267,448,108.0,1,1,1,1,1,1,92,92,116,28,84,36,0.928205,0.917742,0.924166,0.918611,0.926046,0.927393,"0,1,2,3,4,5"
15,46.997828,432,108.0,1,1,1,1,1,1,92,72,120,28,84,36,0.941236,0.926901,0.916924,0.916071,0.921507,0.923673,"0,1,2,3,4,5"
16,48.596814,448,108.951,1,1,1,1,1,1,100,84,112,28,88,36,0.922972,0.915192,0.919635,0.931558,0.926315,0.926581,"0,1,2,3,4,5"
17,45.414832,416,97.997,1,1,1,1,1,1,92,84,112,28,68,32,0.940614,0.923664,0.917082,0.934511,0.928003,0.931704,"0,1,2,3,4,5"
18,46.710819,432,108.0,1,1,1,1,1,1,84,68,120,28,84,48,0.92708,0.917966,0.925773,0.921082,0.921745,0.933474,"0,1,2,3,4,5"
20,48.696577,452,108.0,1,1,1,1,1,1,84,92,124,28,84,40,0.910444,0.935366,0.931508,0.927473,0.921754,0.92118,"0,1,2,3,4,5"
21,44.871189,416,98.0,1,1,1,1,1,1,96,72,108,32,68,40,0.934617,0.945463,0.922216,0.916265,0.910711,0.924383,"0,1,2,3,4,5"
22,48.928979,452,87.899,1,1,1,1,1,1,100,92,112,28,84,36,0.939377,0.926539,0.929429,0.918564,0.933774,0.926324,"0,1,2,3,4,5"
23,47.78178,440,107.974,1,1,1,1,1,1,92,96,116,28,76,32,0.927367,0.921512,0.922249,0.920153,0.921574,0.929677,"0,1,2,3,4,5"
24,48.408565,448,107.983,1,1,1,1,1,1,84,84,128,28,84,40,0.921285,0.920669,0.944887,0.921195,0.924848,0.937077,"0,1,2,3,4,5"
25,51.615621,480,108.0,1,1,1,1,1,1,84,124,116,32,72,52,0.936527,0.929106,0.928813,0.921713,0.921306,0.928158,"0,1,2,3,4,5"
26,46.219924,424,97.962,1,1,1,1,1,1,96,68,120,32,76,32,0.925897,0.921545,0.925183,0.925649,0.94095,0.919512,"0,1,2,3,4,5"
27,49.712463,460,108.0,1,1,1,1,1,1,84,100,124,32,84,36,0.930368,0.93116,0.919742,0.930371,0.92314,0.936507,"0,1,2,3,4,5"
28,46.987163,432,107.949,1,1,1,1,1,1,92,84,112,28,80,36,0.926242,0.923913,0.918782,0.919073,0.926484,0.924235,"0,1,2,3,4,5"
29,47.784916,440,107.956,1,1,1,1,1,1,92,68,124,28,84,44,0.940751,0.919733,0.934436,0.941092,0.939814,0.925093,"0,1,2,3,4,5"
30,46.232453,424,108.0,1,1,1,1,1,1,96,68,112,28,84,36,0.936451,0.9169,0.921842,0.932888,0.946049,0.935387,"0,1,2,3,4,5"
31,45.990849,424,107.997,1,1,1,1,1,1,88,68,116,28,84,40,0.928474,0.926866,0.916223,0.92644,0.932804,0.923109,"0,1,2,3,4,5"
32,48.119808,444,107.936,1,1,1,1,1,1,92,84,120,28,80,40,0.925727,0.926801,0.919612,0.936085,0.932678,0.931051,"0,1,2,3,4,5"
33,47.777847,440,77.96,1,1,1,1,1,1,96,92,112,28,104,8,0.935855,0.928357,0.922144,0.965675,0.945374,0.925529,"0,1,2,3,4,5"
35,47.1878,436,97.97,1,1,1,1,1,1,92,84,108,28,88,36,0.778116,0.933794,0.934952,0.932109,0.924491,0.925634,"0,1,2,3,4,5"
36,46.42205,428,108.0,1,1,1,1,1,1,84,68,120,28,88,40,0.931258,0.925861,0.919329,0.928075,0.927057,0.93406,"0,1,2,3,4,5"
37,44.987321,412,98.0,1,1,1,1,1,1,92,72,112,28,72,36,0.933313,0.924526,0.922747,0.926128,0.917325,0.927108,"0,1,2,3,4,5"
38,45.087617,416,107.989,1,1,1,1,1,1,88,68,120,32,72,36,0.926538,0.923327,0.923092,0.928604,0.917614,0.917175,"0,1,2,3,4,5"
39,49.013152,452,108.0,1,1,1,1,1,1,84,100,116,28,88,36,0.941937,0.934775,0.925852,0.924336,0.919359,0.916803,"0,1,2,3,4,5"
40,45.675413,420,97.958,1,1,1,1,1,1,92,72,108,28,72,48,0.928325,0.921665,0.924142,0.923948,0.913513,0.922393,"0,1,2,3,4,5"
42,46.483323,432,108.0,1,1,1,1,1,1,88,72,120,24,84,44,0.77537,0.917717,0.918778,0.932017,0.934595,0.932899,"0,1,2,3,4,5"
43,48.090782,444,98.0,1,1,1,1,1,1,84,100,112,28,84,36,0.923019,0.925723,0.92385,0.922108,0.916303,0.929519,"0,1,2,3,4,5"
44,51.303021,476,108.0,1,1,1,1,1,1,88,112,116,36,84,40,0.933496,0.921819,0.922902,0.922079,0.918998,0.930207,"0,1,2,3,4,5"
45,46.601453,428,107.934,1,1,1,1,1,1,96,68,120,24,72,48,0.933799,0.91916,0.919203,0.933228,0.92483,0.928107,"0,1,2,3,4,5"
46,47.504466,440,97.992,1,1,1,1,1,1,88,84,116,28,84,40,0.92836,0.919942,0.921346,0.935154,0.931412,0.92467,"0,1,2,3,4,5"
47,46.135686,424,107.999,1,1,1,1,1,1,84,68,124,24,88,36,0.935889,0.926026,0.922808,0.927143,0.930916,0.927925,"0,1,2,3,4,5"
48,46.536761,428,97.907,1,1,1,1,1,1,108,72,112,24,76,36,0.92355,0.933639,0.937044,0.932803,0.929029,0.926014,"0,1,2,3,4,5"
49,48.252366,448,97.961,1,1,1,1,1,1,96,76,120,28,80,48,0.924702,0.914927,0.920455,0.918925,0.923216,0.922561,"0,1,2,3,4,5"
50,47.809124,440,107.998,1,1,1,1,1,1,88,84,120,28,84,36,0.93661,0.92262,0.925692,0.927922,0.93466,0.914359,"0,1,2,3,4,5"
52,47.218429,436,98.0,1,1,1,1,1,1,92,92,116,28,76,32,0.773336,0.923416,0.916092,0.920404,0.930217,0.919206,"0,1,2,3,4,5"
53,47.432663,436,98.0,1,1,1,1,1,1,84,72,104,56,84,36,0.925385,0.944638,0.927166,0.927914,0.92208,0.933436,"0,1,2,3,4,5"
54,46.16342,424,107.937,1,1,1,1,1,1,88,68,132,32,68,36,0.930996,0.912712,0.932122,0.92503,0.914851,0.918107,"0,1,2,3,4,5"
55,46.593402,428,107.999,1,1,1,1,1,1,92,72,120,28,80,36,0.93731,0.921088,0.918552,0.917073,0.923517,0.920598,"0,1,2,3,4,5"
56,46.200587,424,107.935,1,1,1,1,1,1,92,80,116,28,76,32,0.932766,0.927373,0.927863,0.933182,0.921059,0.916784,"0,1,2,3,4,5"
57,50.610287,468,97.99,1,1,1,1,1,1,92,100,116,32,84,44,0.928484,0.932345,0.939581,0.922691,0.916606,0.918862,"0,1,2,3,4,5"
58,49.38412,456,87.974,1,1,1,1,1,1,96,72,128,28,96,36,0.926459,0.922718,0.916911,0.925212,0.925628,0.934223,"0,1,2,3,4,5"
59,47.908855,444,97.966,1,1,1,1,1,1,88,68,116,52,84,36,0.93235,0.924475,0.925063,0.927889,0.92967,0.918457,"0,1,2,3,4,5"
60,48.019249,444,107.971,1,1,1,1,1,1,88,84,120,28,84,40,0.938414,0.925705,0.916463,0.941199,0.915917,0.93472,"0,1,2,3,4,5"
61,48.319924,448,107.999,1,1,1,1,1,1,92,88,116,28,84,40,0.940795,0.936408,0.931927,0.921953,0.931529,0.922865,"0,1,2,3,4,5"
62,49.020436,452,97.958,1,1,1,1,1,1,92,80,132,28,84,36,0.942337,0.930173,0.924855,0.921257,0.923273,0.929025,"0,1,2,3,4,5"
63,47.806261,440,108.0,1,1,1,1,1,1,92,84,116,28,84,36,0.935768,0.921972,0.93181,0.93007,0.915372,0.92979,"0,1,2,3,4,5"
64,50.612868,468,107.942,1,1,1,1,1,1,96,116,120,32,68,36,0.927345,0.933279,0.92187,0.933517,0.923306,0.922671,"0,1,2,3,4,5"
65,50.092266,464,107.999,1,1,1,1,1,1,88,104,116,28,84,44,0.92951,0.921718,0.917897,0.923581,0.926913,0.92588,"0,1,2,3,4,5"
66,46.221585,424,97.965,1,1,1,1,1,1,92,68,112,32,84,36,0.940299,0.936348,0.926231,0.921912,0.919344,0.931818,"0,1,2,3,4,5"
67,48.095402,444,97.976,1,1,1,1,1,1,96,72,116,24,100,36,0.92486,0.922896,0.918608,0.917354,0.922117,0.937711,"0,1,2,3,4,5"
68,49.505598,460,97.991,1,1,1,1,1,1,96,88,116,32,84,44,0.932454,0.923925,0.931924,0.91894,0.924464,0.937211,"0,1,2,3,4,5"
69,46.687975,432,107.993,1,1,1,1,1,1,92,76,116,28,84,36,0.925513,0.924112,0.916045,0.923348,0.920604,0.928772,"0,1,2,3,4,5"
70,45.916173,424,107.943,1,1,1,1,1,1,92,76,116,32,72,36,0.92641,0.925315,0.927256,0.921394,0.9221,0.938719,"0,1,2,3,4,5"
71,47.726095,440,107.999,1,1,1,1,1,1,92,84,116,28,84,36,0.92954,0.935317,0.923188,0.935741,0.923833,0.922559,"0,1,2,3,4,5"
72,45.305569,416,107.981,1,1,1,1,1,1,96,68,116,24,76,36,0.944993,0.930918,0.93593,0.918542,0.927364,0.920506,"0,1,2,3,4,5"
73,48.486326,448,107.961,1,1,1,1,1,1,88,100,112,28,84,36,0.919294,0.926539,0.929286,0.92006,0.924589,0.916463,"0,1,2,3,4,5"
74,45.783514,420,107.969,1,1,1,1,1,1,92,72,112,24,84,36,0.921377,0.919511,0.916608,0.922509,0.930754,0.915319,"0,1,2,3,4,5"
75,49.509606,460,96.97,1,1,1,1,1,1,84,96,124,32,84,40,0.920296,0.920261,0.92986,0.93939,0.930116,0.924893,"0,1,2,3,4,5"
76,47.707305,440,107.967,1,1,1,1,1,1,84,88,120,24,84,40,0.935401,0.931986,0.922273,0.923898,0.931226,0.917771,"0,1,2,3,4,5"
77,48.102155,444,108.0,1,1,1,1,1,1,88,84,112,28,96,36,0.924182,0.924515,0.925819,0.926199,0.925071,0.92734,"0,1,2,3,4,5"
78,48.647853,448,97.993,1,1,1,1,1,1,84,76,124,40,84,40,0.938722,0.930858,0.936577,0.931061,0.928787,0.929302,"0,1,2,3,4,5"
79,48.556741,448,88.0,1,1,1,1,1,1,88,96,116,28,84,36,0.934787,0.947679,0.936894,0.931848,0.929297,0.92981,"0,1,2,3,4,5"
80,46.92324,432,107.984,1,1,1,1,1,1,96,68,116,28,88,36,0.927252,0.922818,0.919011,0.941336,0.922685,0.937764,"0,1,2,3,4,5"
81,45.602769,420,107.919,1,1,1,1,1,1,92,68,116,32,80,32,0.934624,0.934503,0.939266,0.925802,0.929151,0.921516,"0,1,2,3,4,5"
82,51.556043,480,98.0,1,1,1,1,1,1,88,96,136,32,88,40,0.92955,0.928593,0.945101,0.928362,0.931427,0.934411,"0,1,2,3,4,5"
83,49.404548,456,107.943,1,1,1,1,1,1,96,72,124,24,100,40,0.937496,0.926533,0.930721,0.928924,0.929869,0.916109,"0,1,2,3,4,5"
84,46.999361,432,108.0,1,1,1,1,1,1,88,84,112,28,84,36,0.92828,0.918018,0.916492,0.926788,0.925023,0.925725,"0,1,2,3,4,5"
85,51.001636,472,107.893,1,1,1,1,1,1,104,88,140,28,80,32,0.939811,0.922177,0.922309,0.931227,0.917462,0.920812,"0,1,2,3,4,5"
86,51.752205,480,107.979,1,1,1,1,1,1,96,88,144,32,84,36,0.937724,0.927715,0.932555,0.937798,0.942542,0.925025,"0,1,2,3,4,5"
87,48.442555,448,107.964,1,1,1,1,1,1,88,84,124,28,84,40,0.933878,0.927965,0.930641,0.934669,0.923531,0.930487,"0,1,2,3,4,5"
88,46.8983,432,107.964,1,1,1,1,1,1,92,72,120,28,84,36,0.927812,0.923857,0.932065,0.922624,0.932739,0.92023,"0,1,2,3,4,5"
89,47.246152,436,107.993,1,1,1,1,1,1,84,68,128,32,80,44,0.935175,0.935115,0.92245,0.916922,0.938416,0.93795,"0,1,2,3,4,5"
90,48.107742,444,98.0,1,1,1,1,1,1,84,80,132,28,84,36,0.937926,0.930029,0.936051,0.920822,0.92437,0.924527,"0,1,2,3,4,5"
91,45.446008,416,97.975,1,1,1,1,1,1,84,68,116,28,84,36,0.929983,0.938057,0.932532,0.935712,0.926797,0.93157,"0,1,2,3,4,5"
92,46.60071,428,97.951,1,1,1,1,1,1,84,88,108,28,84,36,0.9268,0.924856,0.926294,0.931361,0.915596,0.926163,"0,1,2,3,4,5"
93,49.729894,460,107.976,1,1,1,1,1,1,96,80,124,28,84,48,0.940926,0.923234,0.934125,0.917357,0.92662,0.924129,"0,1,2,3,4,5"
94,47.309702,436,107.922,1,1,1,1,1,1,96,68,120,28,84,40,0.932627,0.930605,0.927822,0.920286,0.923703,0.937788,"0,1,2,3,4,5"
95,49.289242,456,107.998,1,1,1,1,1,1,92,96,116,24,88,40,0.922445,0.924935,0.919771,0.927487,0.93035,0.920685,"0,1,2,3,4,5"
96,46.814959,432,107.957,1,1,1,1,1,1,92,68,120,28,84,40,0.951795,0.923189,0.917588,0.926883,0.92726,0.934404,"0,1,2,3,4,5"
97,47.801616,440,107.951,1,1,1,1,1,1,96,68,120,28,92,36,0.931533,0.933963,0.921419,0.929028,0.92199,0.92377,"0,1,2,3,4,5"
98,46.752073,432,87.981,1,1,1,1,1,1,96,96,112,28,92,8,0.940112,0.922665,0.92911,0.918579,0.934311,0.934198,"0,1,2,3,4,5"
99,48.064944,444,98.0,1,1,1,1,1,1,92,88,112,24,88,40,0.917574,0.919563,0.925571,0.922988,0.922023,0.919275,"0,1,2,3,4,5"
100,48.498344,448,107.968,1,1,1,1,1,1,92,84,112,28,88,44,0.928914,0.925619,0.927784,0.920421,0.931833,0.921153,"0,1,2,3,4,5"
101,45.188705,416,107.992,1,1,1,1,1,1,88,68,112,28,84,36,0.928095,0.924566,0.922958,0.921621,0.930264,0.924852,"0,1,2,3,4,5"
102,45.337115,416,107.995,1,1,1,1,1,1,88,76,116,28,68,40,0.927771,0.94324,0.939627,0.930864,0.919646,0.926449,"0,1,2,3,4,5"
103,48.088349,444,107.922,1,1,1,1,1,1,96,96,116,28,68,40,0.925184,0.929905,0.926858,0.919697,0.926536,0.922249,"0,1,2,3,4,5"
104,45.704698,420,98.0,1,1,1,1,1,1,88,72,112,28,84,36,0.925179,0.925291,0.915882,0.918746,0.92297,0.937834,"0,1,2,3,4,5"
105,49.818387,460,107.947,1,1,1,1,1,1,88,96,124,32,84,36,0.939021,0.925705,0.923129,0.914651,0.936586,0.932497,"0,1,2,3,4,5"
106,49.602303,460,108.0,1,1,1,1,1,1,88,92,128,24,88,40,0.928496,0.926103,0.928322,0.926255,0.924641,0.927273,"0,1,2,3,4,5"
107,48.901786,452,108.972,1,1,1,1,1,1,84,88,116,28,96,40,0.927567,0.925302,0.924786,0.928247,0.928822,0.924325,"0,1,2,3,4,5"
108,43.78847,400,98.0,1,1,1,1,1,1,84,72,112,28,68,36,0.920957,0.921377,0.923949,0.924211,0.921644,0.924939,"0,1,2,3,4,5"
109,47.900751,444,107.982,1,1,1,1,1,1,92,88,116,28,84,36,0.931072,0.92157,0.920432,0.922049,0.916182,0.93069,"0,1,2,3,4,5"
110,45.887913,424,97.986,1,1,1,1,1,1,92,84,116,28,68,36,0.923331,0.919322,0.918414,0.923302,0.926779,0.924036,"0,1,2,3,4,5"
111,45.208855,416,87.975,1,1,1,1,1,1,96,68,108,24,80,40,0.92858,0.924882,0.931218,0.92706,0.916483,0.931068,"0,1,2,3,4,5"
112,48.348632,448,108.0,1,1,1,1,1,1,92,92,112,28,84,40,0.937516,0.937213,0.926208,0.936225,0.933656,0.930758,"0,1,2,3,4,5"
113,47.335755,436,108.0,1,1,1,1,1,1,84,68,120,44,84,36,0.935756,0.925845,0.938105,0.920186,0.928358,0.9308,"0,1,2,3,4,5"
114,46.996916,432,107.972,1,1,1,1,1,1,92,72,112,32,84,40,0.928958,0.938895,0.923043,0.926306,0.928435,0.917671,"0,1,2,3,4,5"
115,46.620277,428,98.0,1,1,1,1,1,1,92,68,128,28,76,36,0.925,0.927803,0.937733,0.927203,0.92671,0.928273,"0,1,2,3,4,5"
116,45.807413,420,108.0,1,1,1,1,1,1,88,68,120,28,84,32,0.927345,0.926087,0.925211,0.932571,0.92553,0.915948,"0,1,2,3,4,5"
117,45.619386,420,107.998,1,1,1,1,1,1,88,68,112,28,84,40,0.935368,0.926509,0.917559,0.921194,0.925274,0.921846,"0,1,2,3,4,5"
119,46.894016,432,98.0,1,1,1,1,1,1,92,68,116,28,88,40,0.917956,0.923494,0.92156,0.926774,0.925215,0.927584,"0,1,2,3,4,5"
120,48.305475,448,107.968,1,1,1,1,1,1,88,112,112,24,72,40,0.92493,0.924876,0.92618,0.921759,0.924065,0.93064,"0,1,2,3,4,5"
121,49.795644,464,98.0,1,1,1,1,1,1,84,100,128,28,84,40,0.931039,0.926403,0.921646,0.923975,0.925517,0.925398,"0,1,2,3,4,5"
122,48.892372,452,107.999,1,1,1,1,1,1,92,92,120,28,84,36,0.921239,0.926917,0.926537,0.929676,0.917852,0.9244,"0,1,2,3,4,5"
123,47.801966,440,108.0,1,1,1,1,1,1,92,80,116,28,88,36,0.917019,0.91902,0.941406,0.92965,0.920838,0.923314,"0,1,2,3,4,5"
124,46.419213,428,97.967,1,1,1,1,1,1,92,68,116,28,84,40,0.925458,0.92393,0.934986,0.92732,0.926843,0.924214,"0,1,2,3,4,5"
125,48.479697,448,107.948,1,1,1,1,1,1,92,92,116,28,84,36,0.923419,0.922846,0.919166,0.921317,0.922858,0.922483,"0,1,2,3,4,5"
126,53.306511,496,107.942,1,1,1,1,1,1,92,112,140,28,84,40,0.921882,0.928475,0.938008,0.922662,0.931976,0.919193,"0,1,2,3,4,5"
127,48.097342,444,108.0,1,1,1,1,1,1,88,92,116,28,84,36,0.931335,0.927461,0.925134,0.918025,0.922149,0.928761,"0,1,2,3,4,5"
128,46.517412,428,107.972,1,1,1,1,1,1,84,68,128,28,80,40,0.927388,0.927657,0.913995,0.93132,0.936567,0.931048,"0,1,2,3,4,5"
129,48.984812,452,98.0,1,1,1,1,1,1,84,104,124,28,76,36,0.919188,0.920084,0.91864,0.925758,0.920117,0.92882,"0,1,2,3,4,5"
130,47.847852,440,108.0,1,1,1,1,1,1,88,100,116,24,80,32,0.931232,0.921895,0.936962,0.943147,0.93972,0.934559,"0,1,2,3,4,5"
131,47.015197,432,107.947,1,1,1,1,1,1,92,80,112,28,84,36,0.93777,0.922628,0.935146,0.923581,0.924398,0.924573,"0,1,2,3,4,5"
132,49.494963,460,87.925,1,1,1,1,1,1,96,72,140,28,84,40,0.921171,0.923507,0.936156,0.923761,0.92552,0.920127,"0,1,2,3,4,5"
134,60.837204,476,107.983,1,1,1,1,1,1,92,92,132,24,100,36,10.490435,0.917687,0.928668,0.929777,0.91799,0.924989,"0,1,2,3,4,5"
135,50.097231,464,107.943,1,1,1,1,1,1,96,92,128,28,84,36,0.925261,0.928139,0.919515,0.924317,0.922646,0.920446,"0,1,2,3,4,5"
136,46.129068,424,107.993,1,1,1,1,1,1,84,72,120,28,84,36,0.931596,0.929527,0.92629,0.933398,0.923781,0.931686,"0,1,2,3,4,5"
137,46.816447,432,107.935,1,1,1,1,1,1,96,80,116,32,72,36,0.91856,0.919245,0.920144,0.93145,0.926379,0.925749,"0,1,2,3,4,5"
138,47.67499,440,108.0,1,1,1,1,1,1,92,84,112,32,84,36,0.921899,0.918699,0.929908,0.921683,0.918633,0.927236,"0,1,2,3,4,5"
139,46.277855,428,97.951,1,1,1,1,1,1,92,68,116,28,80,44,0.92744,0.928798,0.917031,0.924225,0.917365,0.9184,"0,1,2,3,4,5"
140,47.278703,436,107.859,1,1,1,1,1,1,112,72,116,24,76,36,0.921532,0.925921,0.920082,0.924201,0.929199,0.924598,"0,1,2,3,4,5"
141,49.400491,460,97.907,1,1,1,1,1,1,100,92,116,28,84,40,0.923356,0.924793,0.913818,0.921528,0.920645,0.924973,"0,1,2,3,4,5"
142,46.355882,428,97.99,1,1,1,1,1,1,80,72,120,32,84,40,0.929188,0.917182,0.92706,0.916692,0.922814,0.916412,"0,1,2,3,4,5"
143,46.425335,428,107.958,1,1,1,1,1,1,88,68,112,28,96,36,0.936677,0.925674,0.926478,0.920983,0.928953,0.925939,"0,1,2,3,4,5"
144,50.488962,468,108.0,1,1,1,1,1,1,92,100,124,28,88,36,0.924401,0.91594,0.93631,0.929268,0.924234,0.917385,"0,1,2,3,4,5"
145,50.820243,472,97.935,1,1,1,1,1,1,92,108,124,28,80,40,0.928258,0.920111,0.926568,0.929072,0.922552,0.926032,"0,1,2,3,4,5"
146,45.354898,416,107.955,1,1,1,1,1,1,96,72,116,24,76,32,0.920848,0.923306,0.924879,0.924941,0.917775,0.915828,"0,1,2,3,4,5"
147,44.420795,408,108.0,1,1,1,1,1,1,92,68,116,28,68,36,0.937182,0.923898,0.934596,0.917759,0.931649,0.914313,"0,1,2,3,4,5"
148,46.095662,424,107.994,1,1,1,1,1,1,88,68,116,28,88,36,0.92669,0.919741,0.927219,0.92224,0.92103,0.927406,"0,1,2,3,4,5"
149,47.114148,436,107.97,1,1,1,1,1,1,84,68,128,28,84,44,0.935552,0.926065,0.920131,0.927629,0.916621,0.920386,"0,1,2,3,4,5"
150,46.095203,424,97.949,1,1,1,1,1,1,88,68,120,32,80,36,0.926273,0.925965,0.91814,0.920566,0.922591,0.931662,"0,1,2,3,4,5"
151,47.696633,440,87.925,1,1,1,1,1,1,96,72,112,32,84,44,0.92275,0.923638,0.929534,0.920986,0.925956,0.926221,"0,1,2,3,4,5"
152,50.840139,472,98.0,1,1,1,1,1,1,88,92,132,28,84,48,0.939133,0.933676,0.934063,0.923077,0.918116,0.926079,"0,1,2,3,4,5"
153,50.884749,472,108.0,1,1,1,1,1,1,88,108,132,28,80,36,0.923114,0.916625,0.92787,0.925731,0.924153,0.917057,"0,1,2,3,4,5"
154,49.499055,460,107.881,1,1,1,1,1,1,104,84,116,24,92,40,0.920521,0.918316,0.932298,0.934996,0.915988,0.927478,"0,1,2,3,4,5"
156,46.10227,428,107.988,1,1,1,1,1,1,88,72,116,28,84,40,0.780503,0.925868,0.927632,0.929345,0.930158,0.936556,"0,1,2,3,4,5"
157,47.1867,436,97.946,1,1,1,1,1,1,96,68,116,32,84,40,0.93053,0.934812,0.915311,0.92408,0.914211,0.914198,"0,1,2,3,4,5"
158,44.889214,412,97.999,1,1,1,1,1,1,88,72,104,28,84,36,0.925284,0.925686,0.925741,0.918901,0.92272,0.917694,"0,1,2,3,4,5"
159,48.875437,452,107.951,1,1,1,1,1,1,92,84,124,28,84,40,0.935104,0.927794,0.922355,0.917055,0.922479,0.91356,"0,1,2,3,4,5"
160,47.498051,440,98.0,1,1,1,1,1,1,88,72,116,28,96,40,0.930474,0.923394,0.924363,0.916632,0.9219,0.924058,"0,1,2,3,4,5"
161,46.290439,428,107.949,1,1,1,1,1,1,92,72,116,28,84,36,0.936587,0.917003,0.927988,0.923118,0.925739,0.9232,"0,1,2,3,4,5"
162,47.681272,440,107.903,1,1,1,1,1,1,100,72,112,32,84,40,0.925024,0.926822,0.919647,0.919661,0.925331,0.9224,"0,1,2,3,4,5"
164,50.672927,472,108.0,1,1,1,1,1,1,92,72,152,44,72,40,0.914422,0.92771,0.928837,0.919007,0.922382,0.925338,"0,1,2,3,4,5"
166,51.187469,476,97.978,1,1,1,1,1,1,96,96,128,32,84,40,0.922617,0.926384,0.917678,0.928149,0.921437,0.918702,"0,1,2,3,4,5"
167,48.817986,452,107.961,1,1,1,1,1,1,88,92,120,28,84,40,0.920662,0.925413,0.924551,0.932605,0.930583,0.928623,"0,1,2,3,4,5"
168,46.869412,432,107.998,1,1,1,1,1,1,88,68,124,28,88,36,0.922513,0.922399,0.920486,0.922674,0.920549,0.918332,"0,1,2,3,4,5"
169,47.802846,440,97.999,1,1,1,1,1,1,92,88,108,28,88,36,0.922605,0.926446,0.923293,0.922366,0.922947,0.92509,"0,1,2,3,4,5"
170,48.171308,444,107.991,1,1,1,1,1,1,88,92,128,28,72,36,0.921706,0.925703,0.930237,0.916763,0.916762,0.915806,"0,1,2,3,4,5"
171,49.408199,456,97.946,1,1,1,1,1,1,92,100,116,24,88,36,0.924329,0.927473,0.914665,0.916422,0.93179,0.926879,"0,1,2,3,4,5"
172,46.429828,428,108.0,1,1,1,1,1,1,88,72,120,28,84,36,0.929649,0.925797,0.924033,0.920302,0.928238,0.928591,"0,1,2,3,4,5"
173,48.770257,452,98.0,1,1,1,1,1,1,84,96,112,32,88,40,0.914218,0.917371,0.926904,0.918786,0.92919,0.922723,"0,1,2,3,4,5"
174,45.60991,420,107.998,1,1,1,1,1,1,84,80,124,28,68,36,0.933441,0.92375,0.926338,0.928132,0.924123,0.922445,"0,1,2,3,4,5"
175,48.093405,444,107.969,1,1,1,1,1,1,100,72,120,28,88,36,0.927383,0.925025,0.915475,0.921319,0.920099,0.931599,"0,1,2,3,4,5"
176,48.3013,448,98.0,1,1,1,1,1,1,92,92,108,32,84,40,0.925989,0.921892,0.924503,0.923477,0.920075,0.921422,"0,1,2,3,4,5"
177,50.113424,464,97.97,1,1,1,1,1,1,96,92,132,24,84,36,0.921398,0.929906,0.930313,0.927284,0.923945,0.92109,"0,1,2,3,4,5"
178,46.000787,424,107.994,1,1,1,1,1,1,88,72,112,28,84,40,0.934993,0.929839,0.918886,0.917164,0.921482,0.921118,"0,1,2,3,4,5"
179,48.485163,448,107.98,1,1,1,1,1,1,92,88,116,28,84,40,0.93089,0.926005,0.921093,0.915982,0.932512,0.917516,"0,1,2,3,4,5"
180,46.587368,428,97.942,1,1,1,1,1,1,92,72,112,28,84,40,0.930158,0.920528,0.919762,0.923525,0.926751,0.923168,"0,1,2,3,4,5"
181,49.517995,460,108.989,1,1,1,1,1,1,92,80,120,28,100,40,0.935018,0.925584,0.923195,0.918875,0.926803,0.932597,"0,1,2,3,4,5"
182,49.243045,456,108.0,1,1,1,1,1,1,88,72,144,28,84,40,0.925769,0.924071,0.931053,0.936355,0.91821,0.934973,"0,1,2,3,4,5"
183,48.500973,448,107.977,1,1,1,1,1,1,92,96,116,24,84,36,0.919906,0.932892,0.919442,0.927203,0.917702,0.923018,"0,1,2,3,4,5"
184,49.676149,460,107.975,1,1,1,1,1,1,88,88,120,28,100,36,0.926369,0.910502,0.919239,0.922506,0.916987,0.931404,"0,1,2,3,4,5"
185,48.299832,448,107.93,1,1,1,1,1,1,92,84,120,24,72,56,0.928105,0.926051,0.921245,0.922712,0.926322,0.931513,"0,1,2,3,4,5"
186,48.188962,444,107.973,1,1,1,1,1,1,96,84,116,28,84,36,0.933221,0.922551,0.917922,0.918839,0.922207,0.920412,"0,1,2,3,4,5"
187,47.778708,440,97.99,1,1,1,1,1,1,84,72,136,24,92,32,0.927224,0.921514,0.920408,0.92274,0.926745,0.914706,"0,1,2,3,4,5"
188,52.203453,484,107.999,1,1,1,1,1,1,92,108,140,28,84,32,0.93276,0.917598,0.922378,0.925496,0.925171,0.928043,"0,1,2,3,4,5"
189,47.290339,436,107.943,1,1,1,1,1,1,92,84,112,28,84,36,0.925998,0.925889,0.924207,0.919021,0.91538,0.926854,"0,1,2,3,4,5"
190,48.571519,448,107.954,1,1,1,1,1,1,88,92,116,24,92,36,0.938986,0.913089,0.919259,0.921345,0.919422,0.918608,"0,1,2,3,4,5"
191,46.188581,424,97.931,1,1,1,1,1,1,92,72,108,24,92,36,0.934488,0.927296,0.914512,0.921168,0.918484,0.9196,"0,1,2,3,4,5"
193,48.37773,448,107.981,1,1,1,1,1,1,92,92,112,32,84,36,0.916723,0.914411,0.923093,0.922117,0.925011,0.926961,"0,1,2,3,4,5"
194,49.299061,456,107.985,1,1,1,1,1,1,92,84,124,32,84,40,0.933916,0.923456,0.927404,0.922849,0.917537,0.917078,"0,1,2,3,4,5"
195,46.383012,428,108.0,1,1,1,1,1,1,84,68,120,28,88,40,0.932712,0.914811,0.927401,0.913507,0.922282,0.920407,"0,1,2,3,4,5"
196,49.781659,460,98.0,1,1,1,1,1,1,92,96,124,28,84,36,0.9223,0.913847,0.922356,0.918823,0.919513,0.93406,"0,1,2,3,4,5"
197,48.995442,452,107.966,1,1,1,1,1,1,92,96,120,28,84,32,0.918974,0.922684,0.914389,0.921939,0.930471,0.9356,"0,1,2,3,4,5"
198,48.996256,452,107.898,1,1,1,1,1,1,100,68,124,36,84,40,0.930278,0.917669,0.92699,0.918275,0.921834,0.919936,"0,1,2,3,4,5"
199,48.502996,448,108.0,1,1,1,1,1,1,88,92,112,32,84,40,0.940042,0.922122,0.914403,0.916624,0.92364,0.940938,"0,1,2,3,4,5"
200,52.498332,488,109.0,1,1,1,1,1,1,96,96,124,28,104,40,0.921965,0.927371,0.91883,0.921999,0.925961,0.921644,"0,1,2,3,4,5"
201,49.797708,464,97.963,1,1,1,1,1,1,92,100,120,24,88,40,0.932908,0.919194,0.924715,0.920881,0.92454,0.919839,"0,1,2,3,4,5"
202,45.964415,424,87.987,1,1,1,1,1,1,96,88,120,28,84,8,0.92722,0.924935,0.921226,0.915444,0.91725,0.918085,"0,1,2,3,4,5"
203,49.005023,452,97.978,1,1,1,1,1,1,92,72,140,28,84,36,0.912993,0.933331,0.92686,0.923973,0.926498,0.921952,"0,1,2,3,4,5"
204,48.386408,448,107.966,1,1,1,1,1,1,100,84,116,24,84,40,0.923554,0.92671,0.920318,0.915691,0.916327,0.912336,"0,1,2,3,4,5"
205,46.477259,428,107.963,1,1,1,1,1,1,96,68,116,28,84,36,0.920624,0.918355,0.924918,0.920316,0.921843,0.924794,"0,1,2,3,4,5"
206,48.890803,452,97.979,1,1,1,1,1,1,88,92,124,28,84,36,0.924072,0.917058,0.91997,0.938896,0.91784,0.920909,"0,1,2,3,4,5"
207,49.585252,460,108.0,1,1,1,1,1,1,92,68,120,28,112,40,0.932167,0.918935,0.920896,0.922932,0.910484,0.930126,"0,1,2,3,4,5"
208,50.072645,464,107.949,1,1,1,1,1,1,92,88,128,28,84,44,0.924844,0.926222,0.917949,0.923719,0.915146,0.919305,"0,1,2,3,4,5"
209,45.391786,416,108.0,1,1,1,1,1,1,96,68,120,28,68,36,0.933011,0.922493,0.924672,0.917181,0.914144,0.933487,"0,1,2,3,4,5"
210,46.122203,424,97.962,1,1,1,1,1,1,92,72,112,28,84,36,0.939276,0.923593,0.925538,0.918011,0.917882,0.940874,"0,1,2,3,4,5"
211,45.994684,424,97.99,1,1,1,1,1,1,88,72,108,28,88,40,0.923323,0.923726,0.927408,0.924224,0.927281,0.926832,"0,1,2,3,4,5"
212,46.601568,428,97.963,1,1,1,1,1,1,92,72,120,32,80,32,0.928069,0.919875,0.914211,0.928381,0.91858,0.928186,"0,1,2,3,4,5"
213,46.503688,428,97.948,1,1,1,1,1,1,92,68,120,28,84,36,0.920514,0.937494,0.927295,0.919766,0.921971,0.921504,"0,1,2,3,4,5"
214,46.093402,424,107.98,1,1,1,1,1,1,88,68,116,28,88,36,0.91954,0.917996,0.923525,0.925913,0.931451,0.929712,"0,1,2,3,4,5"
215,51.594386,480,107.998,1,1,1,1,1,1,96,72,120,24,128,40,0.922561,0.925306,0.921956,0.920736,0.924866,0.926288,"0,1,2,3,4,5"
216,52.575109,488,107.951,1,1,1,1,1,1,88,120,132,28,84,36,0.923655,0.921882,0.918823,0.918538,0.918889,0.917486,"0,1,2,3,4,5"
217,47.301671,436,87.905,1,1,1,1,1,1,100,68,124,28,80,36,0.919249,0.917712,0.934685,0.921051,0.924645,0.932996,"0,1,2,3,4,5"
219,45.770215,420,108.0,1,1,1,1,1,1,84,68,120,28,88,32,0.909884,0.921778,0.938136,0.930318,0.913933,0.924202,"0,1,2,3,4,5"
220,45.780621,420,98.0,1,1,1,1,1,1,88,68,112,28,80,44,0.925848,0.921307,0.916526,0.927023,0.919473,0.922677,"0,1,2,3,4,5"
221,48.689282,452,107.965,1,1,1,1,1,1,92,84,116,28,88,44,0.919528,0.923291,0.927089,0.918154,0.921449,0.932156,"0,1,2,3,4,5"
222,47.81214,440,107.931,1,1,1,1,1,1,92,84,116,24,92,32,0.944786,0.921701,0.920963,0.92369,0.923096,0.920515,"0,1,2,3,4,5"
223,48.102319,444,97.983,1,1,1,1,1,1,92,68,128,32,88,36,0.927133,0.928235,0.912384,0.929178,0.936417,0.925306,"0,1,2,3,4,5"
226,44.644716,412,108.0,1,1,1,1,1,1,92,68,112,28,68,44,0.775578,0.917255,0.914509,0.917611,0.924046,0.918044,"0,1,2,3,4,5"
228,54.356288,416,107.998,1,1,1,1,1,1,88,72,116,28,72,40,10.226281,0.914285,0.919153,0.919171,0.916553,0.921965,"0,1,2,3,4,5"
229,48.126209,444,107.962,1,1,1,1,1,1,92,68,124,28,96,36,0.934144,0.93127,0.925736,0.927203,0.93056,0.934538,"0,1,2,3,4,5"
230,46.115282,424,107.973,1,1,1,1,1,1,92,68,120,24,84,36,0.925026,0.927331,0.929572,0.924108,0.923553,0.923553,"0,1,2,3,4,5"
231,45.502846,420,87.997,1,1,1,1,1,1,84,72,112,28,84,40,0.92633,0.9231,0.923359,0.929473,0.931354,0.927697,"0,1,2,3,4,5"
232,47.808079,440,107.904,1,1,1,1,1,1,104,68,124,36,72,36,0.922477,0.915229,0.92121,0.92767,0.93394,0.923982,"0,1,2,3,4,5"
233,48.307516,448,108.0,1,1,1,1,1,1,88,88,112,40,84,36,0.922616,0.92428,0.930615,0.936498,0.920918,0.924534,"0,1,2,3,4,5"
234,43.789889,400,97.999,1,1,1,1,1,1,84,68,116,28,72,32,0.922363,0.926066,0.918565,0.924051,0.917972,0.928264,"0,1,2,3,4,5"
235,48.374096,448,107.97,1,1,1,1,1,1,96,88,116,24,84,40,0.920266,0.917867,0.916626,0.921185,0.929617,0.921429,"0,1,2,3,4,5"
236,49.771196,460,108.0,1,1,1,1,1,1,88,96,136,28,76,36,0.921016,0.932608,0.9236,0.915283,0.919707,0.928244,"0,1,2,3,4,5"
237,42.790013,392,88.0,1,1,1,1,1,1,92,68,112,28,84,8,0.927749,0.921863,0.919499,0.922884,0.915669,0.920864,"0,1,2,3,4,5"
238,48.162433,444,97.996,1,1,1,1,1,1,84,84,128,28,84,36,0.917492,0.923595,0.918293,0.927882,0.921521,0.916807,"0,1,2,3,4,5"
239,46.59401,428,107.878,1,1,1,1,1,1,108,72,108,28,72,40,0.938864,0.916109,0.922984,0.928205,0.913283,0.91952,"0,1,2,3,4,5"
240,47.788294,440,107.95,1,1,1,1,1,1,88,92,112,28,84,36,0.936234,0.913356,0.923869,0.92322,0.919983,0.918182,"0,1,2,3,4,5"
241,47.783867,444,107.939,1,1,1,1,1,1,96,72,124,28,84,40,0.9222,0.929691,0.9161,0.922213,0.9134,0.923069,"0,1,2,3,4,5"
242,47.764547,440,108.0,1,1,1,1,1,1,104,68,120,28,84,36,0.922649,0.92082,0.91752,0.928086,0.921235,0.915006,"0,1,2,3,4,5"
243,45.796921,420,107.958,1,1,1,1,1,1,96,68,120,28,72,36,0.926088,0.919565,0.923541,0.92097,0.917281,0.928944,"0,1,2,3,4,5"
244,46.571468,428,108.0,1,1,1,1,1,1,96,68,112,32,84,36,0.926747,0.919314,0.915139,0.920393,0.925605,0.930605,"0,1,2,3,4,5"
245,48.178238,444,107.942,1,1,1,1,1,1,92,72,116,28,100,36,0.924429,0.930578,0.916671,0.916907,0.919154,0.914292,"0,1,2,3,4,5"
246,48.099584,444,107.966,1,1,1,1,1,1,96,84,128,28,72,36,0.933879,0.914901,0.922001,0.92439,0.926215,0.918278,"0,1,2,3,4,5"
248,48.229245,448,108.0,1,1,1,1,1,1,92,84,120,28,84,40,0.776977,0.926961,0.913912,0.924587,0.922165,0.917231,"0,1,2,3,4,5"
249,48.593975,448,97.973,1,1,1,1,1,1,84,84,132,28,84,36,0.934332,0.919831,0.921304,0.921773,0.922363,0.934028,"0,1,2,3,4,5"
250,44.802247,412,98.0,1,1,1,1,1,1,84,72,116,28,72,40,0.923808,0.920258,0.931127,0.916879,0.922751,0.916746,"0,1,2,3,4,5"
251,47.412425,436,107.903,1,1,1,1,1,1,100,68,124,32,80,32,0.923179,0.933698,0.922043,0.921118,0.934361,0.92442,"0,1,2,3,4,5"
252,53.029877,492,108.0,1,1,1,1,1,1,92,92,140,28,104,36,0.926013,0.93165,0.925904,0.92491,0.939793,0.932868,"0,1,2,3,4,5"
253,47.577475,440,107.961,1,1,1,1,1,1,88,80,116,32,84,40,0.933344,0.916754,0.918223,0.921565,0.922386,0.922741,"0,1,2,3,4,5"
254,49.109862,456,97.975,1,1,1,1,1,1,92,84,132,28,80,40,0.927033,0.923445,0.927829,0.928375,0.922185,0.9181,"0,1,2,3,4,5"
255,46.69155,432,107.974,1,1,1,1,1,1,88,68,116,32,88,40,0.921995,0.921893,0.919134,0.914364,0.938624,0.937599,"0,1,2,3,4,5"
256,49.892486,464,108.0,1,1,1,1,1,1,88,120,112,28,80,36,0.923806,0.921959,0.922134,0.924615,0.915408,0.927239,"0,1,2,3,4,5"
257,50.597309,468,108.0,1,1,1,1,1,1,84,116,120,28,84,36,0.927508,0.916401,0.924515,0.922911,0.929048,0.926946,"0,1,2,3,4,5"
259,57.020199,440,88.0,1,1,1,1,1,1,92,84,116,28,84,36,10.266944,0.921464,0.919789,0.92925,0.927049,0.922575,"0,1,2,3,4,5"
260,48.614466,448,108.0,1,1,1,1,1,1,88,92,120,28,84,36,0.93459,0.930468,0.922821,0.916988,0.924967,0.924113,"0,1,2,3,4,5"
261,47.17261,436,107.907,1,1,1,1,1,1,96,72,112,28,84,44,0.91748,0.914469,0.917054,0.9368,0.916187,0.925612,"0,1,2,3,4,5"
263,45.928746,424,107.933,1,1,1,1,1,1,92,76,112,36,72,36,0.936587,0.939107,0.921556,0.930489,0.920306,0.927649,"0,1,2,3,4,5"
264,51.592101,480,107.942,1,1,1,1,1,1,92,92,148,28,80,40,0.930485,0.921915,0.918687,0.921993,0.930005,0.926049,"0,1,2,3,4,5"
265,50.411701,468,108.0,1,1,1,1,1,1,92,84,124,28,100,40,0.932368,0.926773,0.920197,0.919024,0.920282,0.930586,"0,1,2,3,4,5"
266,45.09142,416,107.998,1,1,1,1,1,1,84,64,120,32,76,40,0.937058,0.917666,0.91359,0.922096,0.925979,0.920422,"0,1,2,3,4,5"
267,47.59202,440,98.0,1,1,1,1,1,1,88,84,112,32,84,40,0.933805,0.923659,0.920962,0.924455,0.915036,0.92324,"0,1,2,3,4,5"
268,47.186517,436,97.955,1,1,1,1,1,1,88,84,112,28,84,40,0.922962,0.914554,0.924703,0.923602,0.918153,0.930297,"0,1,2,3,4,5"
269,48.093566,432,108.0,1,1,1,1,1,1,88,68,116,24,8,36,0.919029,0.925849,0.919955,0.918778,0.918184,0.920063,"0,1,2,3,4,3,4,5"
270,50.174969,464,107.894,1,1,1,1,1,1,104,96,112,32,84,36,0.929248,0.914264,0.919327,0.9258,0.92967,0.930679,"0,1,2,3,4,5"
271,45.696677,420,107.951,1,1,1,1,1,1,88,72,112,24,84,40,0.926331,0.926979,0.919368,0.920592,0.919776,0.924776,"0,1,2,3,4,5"
272,47.370502,436,107.952,1,1,1,1,1,1,96,84,116,24,80,36,0.926879,0.914526,0.913951,0.929827,0.918754,0.922891,"0,1,2,3,4,5"
273,51.185728,476,107.945,1,1,1,1,1,1,88,88,116,28,116,40,0.923001,0.913553,0.91139,0.92768,0.930772,0.932113,"0,1,2,3,4,5"
275,48.879109,452,108.0,1,1,1,1,1,1,92,92,116,32,84,36,0.921434,0.924488,0.935093,0.916779,0.915668,0.920287,"0,1,2,3,4,5"
276,49.787555,460,107.905,1,1,1,1,1,1,108,88,120,28,80,36,0.924788,0.914205,0.923571,0.923808,0.924344,0.919995,"0,1,2,3,4,5"
277,47.149963,436,107.968,1,1,1,1,1,1,92,68,116,28,92,40,0.915187,0.922999,0.919709,0.920157,0.92016,0.91986,"0,1,2,3,4,5"
278,46.977451,432,107.953,1,1,1,1,1,1,104,72,112,28,80,36,0.927466,0.923056,0.918292,0.922439,0.915926,0.922201,"0,1,2,3,4,5"
279,47.281674,436,87.985,1,1,1,1,1,1,88,84,120,24,84,36,0.927759,0.91774,0.920855,0.919259,0.920905,0.925149,"0,1,2,3,4,5"
280,46.693331,432,77.961,1,1,1,1,1,1,96,96,116,28,88,8,0.924122,0.92018,0.927881,0.914838,0.92891,0.921499,"0,1,2,3,4,5"
281,48.762139,452,107.967,1,1,1,1,1,1,88,84,124,36,84,36,0.922648,0.923933,0.924302,0.930171,0.922736,0.920884,"0,1,2,3,4,5"
282,46.489484,428,108.0,1,1,1,1,1,1,88,84,108,36,76,36,0.933699,0.91965,0.918372,0.922804,0.930305,0.920111,"0,1,2,3,4,5"
283,45.780924,420,107.988,1,1,1,1,1,1,80,80,112,28,80,40,0.934825,0.914147,0.918965,0.917656,0.918663,0.916333,"0,1,2,3,4,5"
284,49.159663,456,97.966,1,1,1,1,1,1,88,92,120,28,88,40,0.92668,0.918554,0.911722,0.927298,0.915528,0.921262,"0,1,2,3,4,5"
285,53.898662,504,107.829,1,1,1,1,1,1,116,120,120,28,84,36,0.934021,0.916466,0.919972,0.923538,0.927743,0.918704,"0,1,2,3,4,5"
287,49.754348,460,97.927,1,1,1,1,1,1,92,92,120,28,92,36,0.919953,0.918458,0.921721,0.916464,0.92658,0.913401,"0,1,2,3,4,5"
288,50.416916,468,107.965,1,1,1,1,1,1,108,92,116,24,88,40,0.929111,0.923618,0.91953,0.935001,0.913531,0.927189,"0,1,2,3,4,5"
289,52.871536,492,107.918,1,1,1,1,1,1,96,96,144,32,84,40,0.93109,0.920824,0.929352,0.913667,0.91598,0.924504,"0,1,2,3,4,5"
290,46.901983,432,98.0,1,1,1,1,1,1,88,88,108,28,84,36,0.939007,0.919952,0.923237,0.931679,0.914895,0.931708,"0,1,2,3,4,5"
291,45.25845,416,88.0,1,1,1,1,1,1,84,72,104,32,84,40,0.923651,0.917398,0.919625,0.91632,0.916198,0.919969,"0,1,2,3,4,5"
292,47.687477,440,108.0,1,1,1,1,1,1,84,84,124,28,84,36,0.924216,0.919063,0.925022,0.920939,0.928054,0.913529,"0,1,2,3,4,5"
293,48.953457,452,107.935,1,1,1,1,1,1,100,84,120,24,88,36,0.92376,0.922866,0.920539,0.923189,0.915556,0.918541,"0,1,2,3,4,5"
295,48.068614,448,97.942,1,1,1,1,1,1,96,72,124,32,84,40,0.776371,0.929636,0.917575,0.921471,0.931468,0.915056,"0,1,2,3,4,5"
296,44.794756,412,107.997,1,1,1,1,1,1,84,80,112,32,68,36,0.926282,0.931637,0.919753,0.920618,0.926655,0.922224,"0,1,2,3,4,5"
297,47.585943,440,107.986,1,1,1,1,1,1,92,72,124,28,84,40,0.926171,0.9203,0.919445,0.924342,0.92964,0.920943,"0,1,2,3,4,5"
298,47.701917,440,108.0,1,1,1,1,1,1,84,68,136,28,84,40,0.919735,0.925864,0.923148,0.924809,0.933299,0.921386,"0,1,2,3,4,5"
299,47.370714,436,97.998,1,1,1,1,1,1,88,72,128,28,84,36,0.924297,0.926574,0.913995,0.919834,0.915408,0.914158,"0,1,2,3,4,5"
300,46.571536,428,107.998,1,1,1,1,1,1,84,84,124,28,72,36,0.927713,0.916781,0.921361,0.920634,0.918793,0.919897,"0,1,2,3,4,5"
302,46.9326,436,107.998,1,1,1,1,1,1,84,72,128,28,84,40,0.783653,0.926289,0.917367,0.920362,0.917498,0.92277,"0,1,2,3,4,5"
303,50.061376,464,108.0,1,1,1,1,1,1,88,100,120,28,84,44,0.930851,0.92008,0.915125,0.919333,0.924654,0.919571,"0,1,2,3,4,5"
304,46.20602,424,106.968,1,1,1,1,1,1,88,64,140,28,68,36,0.920981,0.919769,0.919936,0.932419,0.926723,0.924476,"0,1,2,3,4,5"
305,50.162375,464,107.971,1,1,1,1,1,1,96,88,120,28,88,44,0.920074,0.916052,0.915166,0.922605,0.925952,0.915777,"0,1,2,3,4,5"
306,47.317052,436,97.912,1,1,1,1,1,1,100,76,112,28,84,36,0.922761,0.927299,0.915791,0.926384,0.924147,0.939864,"0,1,2,3,4,5"
307,48.891131,452,97.992,1,1,1,1,1,1,84,108,120,28,76,36,0.925543,0.928004,0.921465,0.916539,0.919676,0.925551,"0,1,2,3,4,5"
308,48.071342,444,107.969,1,1,1,1,1,1,88,72,116,28,104,36,0.923605,0.929164,0.912155,0.922158,0.917086,0.920301,"0,1,2,3,4,5"
309,52.882981,492,97.973,1,1,1,1,1,1,124,84,120,28,100,36,0.923112,0.921354,0.912858,0.921471,0.919632,0.923635,"0,1,2,3,4,5"
310,47.181003,436,107.988,1,1,1,1,1,1,84,72,124,32,76,48,0.922978,0.920727,0.919406,0.922468,0.92911,0.91596,"0,1,2,3,4,5"
311,48.898047,452,107.964,1,1,1,1,1,1,92,100,112,32,80,36,0.923891,0.921553,0.932348,0.922124,0.925595,0.917482,"0,1,2,3,4,5"
312,46.196642,424,107.981,1,1,1,1,1,1,96,80,112,32,68,36,0.93506,0.918651,0.921771,0.920271,0.920531,0.924566,"0,1,2,3,4,5"
313,50.97394,472,107.975,1,1,1,1,1,1,96,108,120,28,84,36,0.928444,0.919846,0.929721,0.913641,0.924763,0.921858,"0,1,2,3,4,5"
314,47.395685,436,107.965,1,1,1,1,1,1,84,84,116,32,84,36,0.922053,0.923518,0.925136,0.925486,0.915717,0.920904,"0,1,2,3,4,5"
315,50.110501,464,107.978,1,1,1,1,1,1,92,84,140,28,84,36,0.923124,0.925271,0.925488,0.927384,0.927351,0.925022,"0,1,2,3,4,5"
316,48.899507,452,107.976,1,1,1,1,1,1,96,72,132,28,88,36,0.926927,0.924328,0.927569,0.922058,0.919683,0.922435,"0,1,2,3,4,5"
317,46.585212,428,108.0,1,1,1,1,1,1,84,76,116,28,88,36,0.925413,0.923267,0.920786,0.921808,0.923349,0.912524,"0,1,2,3,4,5"
318,48.669454,452,107.826,1,1,1,1,1,1,112,72,120,28,80,40,0.919492,0.916473,0.917744,0.91236,0.926303,0.929778,"0,1,2,3,4,5"
319,46.392424,428,98.0,1,1,1,1,1,1,84,84,112,24,88,36,0.923794,0.92684,0.925423,0.9276,0.916749,0.916497,"0,1,2,3,4,5"
320,48.18983,444,107.967,1,1,1,1,1,1,84,84,116,40,84,36,0.925812,0.928496,0.918419,0.925881,0.916776,0.923561,"0,1,2,3,4,5"
321,46.782812,432,107.972,1,1,1,1,1,1,100,68,120,24,84,36,0.925797,0.924438,0.9195,0.922106,0.924769,0.914831,"0,1,2,3,4,5"
323,48.314459,448,98.0,1,1,1,1,1,1,92,84,140,28,68,36,0.937098,0.925177,0.919843,0.927777,0.92469,0.924951,"0,1,2,3,4,5"
324,45.456588,420,98.0,1,1,1,1,1,1,92,68,120,28,76,36,0.927884,0.91494,0.91719,0.914418,0.917718,0.918243,"0,1,2,3,4,5"
325,46.580682,428,97.975,1,1,1,1,1,1,92,84,116,28,72,36,0.925445,0.920402,0.921412,0.918412,0.920072,0.927575,"0,1,2,3,4,5"
326,46.883518,432,107.931,1,1,1,1,1,1,96,72,112,28,80,44,0.916456,0.92117,0.919125,0.91949,0.92176,0.930353,"0,1,2,3,4,5"
327,46.693337,432,108.0,1,1,1,1,1,1,88,72,124,28,84,36,0.923268,0.924664,0.922792,0.924562,0.924169,0.924796,"0,1,2,3,4,5"
328,48.569155,448,107.962,1,1,1,1,1,1,92,72,132,28,88,36,0.920246,0.933932,0.920295,0.92051,0.91964,0.915871,"0,1,2,3,4,5"
329,52.419116,488,108.962,1,1,1,1,1,1,88,92,168,28,72,40,0.918114,0.922627,0.925144,0.931553,0.941624,0.93268,"0,1,2,3,4,5"
330,47.788576,440,97.997,1,1,1,1,1,1,84,92,116,28,84,36,0.929625,0.920878,0.920155,0.937274,0.912572,0.915674,"0,1,2,3,4,5"
331,46.792758,432,107.959,1,1,1,1,1,1,92,72,116,28,84,40,0.928382,0.929847,0.920061,0.925988,0.923385,0.919125,"0,1,2,3,4,5"
332,50.788912,472,107.986,1,1,1,1,1,1,84,112,120,32,84,40,0.927488,0.914136,0.928721,0.921034,0.923929,0.917495,"0,1,2,3,4,5"
333,49.677464,460,98.0,1,1,1,1,1,1,88,100,124,28,84,36,0.929291,0.9209,0.918682,0.92392,0.920278,0.924493,"0,1,2,3,4,5"
334,48.579552,448,98.0,1,1,1,1,1,1,104,84,112,28,84,36,0.925099,0.922671,0.91745,0.930008,0.919529,0.923176,"0,1,2,3,4,5"
335,46.701559,432,107.974,1,1,1,1,1,1,96,68,116,24,88,40,0.923094,0.926122,0.925122,0.92361,0.920491,0.921955,"0,1,2,3,4,5"
336,47.772155,440,108.0,1,1,1,1,1,1,88,68,136,28,84,36,0.917847,0.919353,0.919958,0.92913,0.916312,0.919986,"0,1,2,3,4,5"
337,46.103436,424,107.967,1,1,1,1,1,1,92,68,116,28,84,36,0.922819,0.917662,0.918461,0.92734,0.92299,0.927936,"0,1,2,3,4,5"
338,46.360765,428,107.999,1,1,1,1,1,1,84,68,124,28,88,36,0.915631,0.926822,0.921038,0.926118,0.915843,0.915913,"0,1,2,3,4,5"
339,47.304465,436,107.999,1,1,1,1,1,1,92,72,116,32,84,40,0.925125,0.920923,0.937573,0.921493,0.921967,0.918771,"0,1,2,3,4,5"
340,47.676895,440,107.977,1,1,1,1,1,1,84,88,120,28,84,36,0.93133,0.921111,0.918226,0.919596,0.925354,0.919987,"0,1,2,3,4,5"
341,46.373888,428,97.958,1,1,1,1,1,1,92,84,112,28,80,32,0.922943,0.927229,0.927277,0.921056,0.921628,0.915654,"0,1,2,3,4,5"
342,48.800384,452,107.97,1,1,1,1,1,1,96,88,116,28,84,40,0.927337,0.918777,0.925362,0.915869,0.919409,0.937648,"0,1,2,3,4,5"
343,46.41634,428,107.959,1,1,1,1,1,1,88,72,116,24,88,40,0.924201,0.925307,0.936717,0.920253,0.917451,0.931514,"0,1,2,3,4,5"
344,47.586227,440,108.0,1,1,1,1,1,1,88,68,124,28,92,40,0.929095,0.918313,0.922649,0.920897,0.917023,0.92891,"0,1,2,3,4,5"
345,48.159206,444,108.0,1,1,1,1,1,1,92,68,132,28,88,36,0.924662,0.923749,0.916482,0.914857,0.921505,0.926334,"0,1,2,3,4,5"
346,44.781874,412,108.0,1,1,1,1,1,1,88,68,116,32,72,36,0.919876,0.925995,0.922856,0.917696,0.919158,0.921604,"0,1,2,3,4,5"
347,48.399344,448,107.928,1,1,1,1,1,1,96,72,128,32,80,40,0.930151,0.939601,0.920314,0.922912,0.923298,0.918194,"0,1,2,3,4,5"
348,45.292576,416,108.0,1,1,1,1,1,1,84,68,116,28,84,36,0.928564,0.920529,0.924812,0.927564,0.919601,0.929525,"0,1,2,3,4,5"
349,48.025046,444,108.0,1,1,1,1,1,1,84,72,136,28,84,40,0.921619,0.923847,0.921376,0.934245,0.9212,0.933118,"0,1,2,3,4,5"
352,47.099038,436,108.0,1,1,1,1,1,1,84,72,124,24,92,40,0.775754,0.919558,0.92132,0.923208,0.917623,0.927988,"0,1,2,3,4,5"
353,45.386949,416,98.0,1,1,1,1,1,1,92,72,108,28,84,32,0.933705,0.920299,0.924766,0.922745,0.919309,0.923419,"0,1,2,3,4,5"
354,46.078994,424,108.0,1,1,1,1,1,1,92,80,116,28,72,36,0.918184,0.920742,0.918102,0.925075,0.937853,0.913999,"0,1,2,3,4,5"
355,48.487188,448,107.911,1,1,1,1,1,1,100,84,112,28,84,40,0.926717,0.914438,0.927825,0.927798,0.911992,0.915548,"0,1,2,3,4,5"
356,51.48738,480,108.0,1,1,1,1,1,1,108,92,120,32,88,40,0.934938,0.93623,0.916996,0.923964,0.912755,0.920422,"0,1,2,3,4,5"
357,47.804472,440,97.992,1,1,1,1,1,1,92,72,112,32,88,44,0.928993,0.930259,0.927105,0.919491,0.920444,0.923263,"0,1,2,3,4,5"
358,48.581316,448,107.959,1,1,1,1,1,1,92,88,120,28,84,36,0.918945,0.918118,0.918059,0.920051,0.93133,0.919171,"0,1,2,3,4,5"
359,48.479438,448,97.999,1,1,1,1,1,1,84,72,140,28,84,40,0.923124,0.919974,0.919941,0.928355,0.915853,0.924981,"0,1,2,3,4,5"
360,45.725318,420,108.0,1,1,1,1,1,1,88,72,120,24,80,36,0.930242,0.925176,0.922334,0.925324,0.919424,0.92791,"0,1,2,3,4,5"
361,44.512765,412,107.979,1,1,1,1,1,1,96,68,112,28,72,36,0.932601,0.925377,0.927189,0.918307,0.921561,0.928261,"0,1,2,3,4,5"
363,50.059644,452,107.879,1,1,1,1,1,1,104,68,112,32,12,32,0.774038,0.927701,0.923482,0.910605,0.919052,0.919316,"0,1,2,3,4,3,4,5"
364,49.6766,460,107.994,1,1,1,1,1,1,92,96,120,24,92,36,0.936605,0.916979,0.925249,0.924097,0.922768,0.913995,"0,1,2,3,4,5"
365,52.57904,488,107.831,1,1,1,1,1,1,116,100,116,32,88,36,0.923639,0.916796,0.92239,0.931846,0.917036,0.917261,"0,1,2,3,4,5"
366,51.377414,476,107.932,1,1,1,1,1,1,96,96,116,48,84,36,0.928665,0.923888,0.915925,0.914075,0.924938,0.915113,"0,1,2,3,4,5"
367,50.073573,464,107.998,1,1,1,1,1,1,92,88,120,32,92,40,0.9148,0.921131,0.927074,0.917133,0.925994,0.921033,"0,1,2,3,4,5"
370,47.954007,448,108.0,1,1,1,1,1,1,88,92,116,28,76,48,0.775013,0.916053,0.916702,0.925955,0.922504,0.917724,"0,1,2,3,4,5"
371,47.67287,440,107.959,1,1,1,1,1,1,84,72,140,28,80,36,0.925561,0.917002,0.923854,0.922802,0.916896,0.921218,"0,1,2,3,4,5"
372,50.189301,464,108.0,1,1,1,1,1,1,92,104,116,32,84,36,0.922573,0.926058,0.917883,0.922122,0.919726,0.928809,"0,1,2,3,4,5"
374,49.040671,456,107.961,1,1,1,1,1,1,96,88,116,32,88,36,0.776934,0.91528,0.928552,0.919534,0.915363,0.919459,"0,1,2,3,4,5"
375,50.392241,468,108.0,1,1,1,1,1,1,88,112,116,28,84,40,0.919359,0.920833,0.9348,0.922371,0.921194,0.916356,"0,1,2,3,4,5"
376,50.11713,464,107.965,1,1,1,1,1,1,92,84,132,32,84,40,0.93333,0.921377,0.927297,0.92586,0.916777,0.942928,"0,1,2,3,4,5"
377,50.388265,468,107.875,1,1,1,1,1,1,104,96,116,28,84,40,0.930594,0.925896,0.918664,0.920169,0.923236,0.920599,"0,1,2,3,4,5"
378,48.481919,448,108.0,1,1,1,1,1,1,84,96,112,32,88,36,0.921022,0.92493,0.922217,0.921768,0.917773,0.916866,"0,1,2,3,4,5"
379,46.166201,424,107.998,1,1,1,1,1,1,84,92,116,28,68,36,0.920422,0.923977,0.924879,0.916704,0.922085,0.91647,"0,1,2,3,4,5"
380,48.288664,448,107.969,1,1,1,1,1,1,96,68,132,28,88,36,0.923717,0.925396,0.925156,0.921008,0.92501,0.918796,"0,1,2,3,4,5"
381,47.592697,440,107.95,1,1,1,1,1,1,92,84,116,28,84,36,0.939421,0.925069,0.926204,0.916216,0.917174,0.926948,"0,1,2,3,4,5"
382,46.106374,424,107.955,1,1,1,1,1,1,84,72,116,24,92,36,0.928296,0.918674,0.938879,0.918786,0.916892,0.925537,"0,1,2,3,4,5"
383,46.582938,428,97.938,1,1,1,1,1,1,92,72,124,28,76,36,0.921669,0.92533,0.919001,0.930033,0.920387,0.916335,"0,1,2,3,4,5"
384,48.578617,448,98.0,1,1,1,1,1,1,92,92,112,28,84,40,0.917068,0.922837,0.923603,0.921695,0.923504,0.930954,"0,1,2,3,4,5"
385,44.999272,412,88.0,1,1,1,1,1,1,92,68,112,28,80,32,0.918501,0.924794,0.919097,0.924403,0.925357,0.924377,"0,1,2,3,4,5"
386,48.184054,444,97.928,1,1,1,1,1,1,88,108,112,28,72,36,0.920009,0.918642,0.92561,0.923853,0.922916,0.926756,"0,1,2,3,4,5"
387,46.799653,432,107.97,1,1,1,1,1,1,96,84,116,28,72,36,0.925336,0.929411,0.922862,0.918372,0.917135,0.922502,"0,1,2,3,4,5"
388,49.682964,460,108.0,1,1,1,1,1,1,88,76,136,28,88,44,0.928464,0.91864,0.931875,0.921429,0.920511,0.92906,"0,1,2,3,4,5"
389,47.779291,440,97.989,1,1,1,1,1,1,92,68,140,28,76,36,0.92064,0.920011,0.919822,0.915357,0.924189,0.924175,"0,1,2,3,4,5"
390,45.478429,420,107.968,1,1,1,1,1,1,96,68,116,28,72,40,0.918181,0.921611,0.913242,0.932194,0.922632,0.924056,"0,1,2,3,4,5"
391,50.278972,468,107.992,1,1,1,1,1,1,96,64,140,36,84,48,0.918053,0.920622,0.914267,0.927074,0.921266,0.917155,"0,1,2,3,4,5"
392,48.885145,452,97.95,1,1,1,1,1,1,88,96,108,32,84,44,0.934944,0.916068,0.918283,0.921856,0.921977,0.915112,"0,1,2,3,4,5"
393,52.377748,488,107.95,1,1,1,1,1,1,96,92,148,28,88,36,0.92486,0.920788,0.918075,0.922159,0.918382,0.930195,"0,1,2,3,4,5"
394,47.272728,436,97.973,1,1,1,1,1,1,92,76,120,28,84,36,0.917581,0.922319,0.912779,0.930537,0.915701,0.916668,"0,1,2,3,4,5"
395,47.269764,436,107.997,1,1,1,1,1,1,84,72,132,28,84,36,0.930843,0.917785,0.913004,0.925761,0.914408,0.914874,"0,1,2,3,4,5"
396,46.580416,428,97.987,1,1,1,1,1,1,96,72,112,28,84,36,0.917346,0.913595,0.925154,0.926207,0.926924,0.923084,"0,1,2,3,4,5"
397,48.754859,452,98.0,1,1,1,1,1,1,88,84,136,28,80,36,0.922723,0.915993,0.914599,0.921994,0.922221,0.920539,"0,1,2,3,4,5"
398,46.607632,428,107.95,1,1,1,1,1,1,88,72,112,32,88,36,0.927255,0.913859,0.924458,0.931095,0.923975,0.918181,"0,1,2,3,4,5"
399,46.872858,432,107.97,1,1,1,1,1,1,88,76,112,32,84,40,0.928735,0.915819,0.918795,0.924904,0.920689,0.913742,"0,1,2,3,4,5"
400,50.062921,464,87.967,1,1,1,1,1,1,84,100,120,28,92,40,0.926718,0.922466,0.920971,0.917303,0.918195,0.916983,"0,1,2,3,4,5"
401,47.405869,440,107.97,1,1,1,1,1,1,96,68,120,32,84,40,0.926345,0.92843,0.927733,0.921104,0.922156,0.927814,"0,1,2,3,4,5"
402,48.184265,444,97.979,1,1,1,1,1,1,84,96,120,24,84,36,0.926385,0.924064,0.923245,0.923059,0.925905,0.922479,"0,1,2,3,4,5"
403,46.010584,424,98.0,1,1,1,1,1,1,84,72,116,28,84,40,0.92325,0.923451,0.924159,0.925984,0.922504,0.931917,"0,1,2,3,4,5"
404,49.168032,456,107.946,1,1,1,1,1,1,92,96,116,28,84,40,0.918509,0.916698,0.92579,0.915603,0.918914,0.923805,"0,1,2,3,4,5"
405,48.964762,452,107.927,1,1,1,1,1,1,100,80,124,28,88,32,0.926325,0.91421,0.916204,0.921866,0.919094,0.925358,"0,1,2,3,4,5"
406,46.785919,432,107.993,1,1,1,1,1,1,88,72,120,28,84,40,0.920758,0.923062,0.917549,0.920803,0.917882,0.922044,"0,1,2,3,4,5"
407,45.403443,416,107.998,1,1,1,1,1,1,84,72,116,36,76,32,0.923954,0.924652,0.925274,0.924281,0.91878,0.937567,"0,1,2,3,4,5"
408,48.488872,448,107.987,1,1,1,1,1,1,96,84,124,28,80,36,0.925234,0.921263,0.92006,0.914771,0.926011,0.926613,"0,1,2,3,4,5"
409,44.96206,412,97.996,1,1,1,1,1,1,84,72,116,28,76,36,0.919848,0.917706,0.933305,0.910971,0.917108,0.923268,"0,1,2,3,4,5"
410,44.591507,408,97.995,1,1,1,1,1,1,92,72,108,28,76,32,0.921027,0.929766,0.91885,0.927781,0.919776,0.922527,"0,1,2,3,4,5"
411,44.978299,412,97.986,1,1,1,1,1,1,92,68,116,28,76,32,0.924876,0.917001,0.914622,0.91993,0.926832,0.922535,"0,1,2,3,4,5"
412,48.08984,444,108.0,1,1,1,1,1,1,92,72,116,40,88,36,0.916972,0.92416,0.926997,0.916833,0.912891,0.927113,"0,1,2,3,4,5"
413,50.158536,464,98.0,1,1,1,1,1,1,96,84,108,28,112,36,0.922758,0.919001,0.919363,0.916608,0.922986,0.918993,"0,1,2,3,4,5"
414,49.978625,464,107.922,1,1,1,1,1,1,92,96,116,32,88,40,0.92088,0.915381,0.918676,0.916388,0.919824,0.937396,"0,1,2,3,4,5"
415,46.11636,424,108.94,1,1,1,1,1,1,92,68,116,28,84,36,0.930754,0.934639,0.933638,0.920897,0.923441,0.912128,"0,1,2,3,4,5"
417,45.668315,424,108.0,1,1,1,1,1,1,88,68,112,32,84,40,0.786423,0.926198,0.920422,0.92016,0.926625,0.923217,"0,1,2,3,4,5"
418,48.789354,452,97.976,1,1,1,1,1,1,92,96,112,32,68,52,0.921059,0.916245,0.930603,0.920188,0.92082,0.931986,"0,1,2,3,4,5"
419,47.389899,436,107.966,1,1,1,1,1,1,96,72,112,28,92,36,0.928105,0.920222,0.919722,0.921068,0.931786,0.919476,"0,1,2,3,4,5"
420,47.801605,440,98.0,1,1,1,1,1,1,88,72,132,28,84,36,0.925687,0.915257,0.939491,0.918675,0.928533,0.924218,"0,1,2,3,4,5"
422,45.828782,424,108.0,1,1,1,1,1,1,84,72,116,32,84,36,0.785984,0.925288,0.922423,0.927681,0.916339,0.922396,"0,1,2,3,4,5"
423,47.481984,440,107.967,1,1,1,1,1,1,92,88,116,36,72,36,0.922455,0.923181,0.920625,0.917931,0.927903,0.917007,"0,1,2,3,4,5"
424,49.453755,460,107.925,1,1,1,1,1,1,104,84,124,28,76,44,0.91412,0.921368,0.916711,0.921761,0.921947,0.914901,"0,1,2,3,4,5"
425,46.056931,424,98.0,1,1,1,1,1,1,92,72,120,36,68,36,0.923374,0.919092,0.918993,0.915368,0.918305,0.919337,"0,1,2,3,4,5"
426,47.287579,436,108.997,1,1,1,1,1,1,88,84,112,28,84,40,0.92014,0.920808,0.925942,0.922194,0.927147,0.925918,"0,1,2,3,4,5"
427,48.498055,448,107.982,1,1,1,1,1,1,92,88,116,32,84,36,0.917842,0.93521,0.92692,0.927453,0.917068,0.921061,"0,1,2,3,4,5"
429,47.529608,440,108.0,1,1,1,1,1,1,84,88,120,28,84,36,0.77796,0.921201,0.924604,0.917489,0.928007,0.916318,"0,1,2,3,4,5"
430,47.210656,436,87.921,1,1,1,1,1,1,96,72,116,28,84,40,0.925987,0.919792,0.917649,0.931868,0.925485,0.923409,"0,1,2,3,4,5"
431,49.107945,456,88.0,1,1,1,1,1,1,84,108,104,28,92,40,0.930258,0.915512,0.925799,0.918697,0.92966,0.928946,"0,1,2,3,4,5"
432,50.467158,468,97.996,1,1,1,1,1,1,88,68,156,32,84,40,0.921491,0.91769,0.92663,0.920851,0.920607,0.921266,"0,1,2,3,4,5"
433,46.187707,424,97.995,1,1,1,1,1,1,92,72,120,28,80,32,0.924411,0.925879,0.921368,0.918925,0.922127,0.92153,"0,1,2,3,4,5"
435,56.716505,436,98.996,1,1,1,1,1,1,88,88,108,28,88,36,10.234642,0.935065,0.926298,0.920086,0.921496,0.928548,"0,1,2,3,4,5"
436,45.091199,416,107.939,1,1,1,1,1,1,92,72,116,28,72,36,0.924302,0.924901,0.922716,0.926218,0.914507,0.925341,"0,1,2,3,4,5"
437,47.169371,436,107.997,1,1,1,1,1,1,88,76,116,24,92,40,0.927146,0.923524,0.91464,0.912725,0.920779,0.929234,"0,1,2,3,4,5"
438,48.978962,452,107.945,1,1,1,1,1,1,92,72,132,32,84,40,0.918791,0.921183,0.927206,0.923772,0.923323,0.918022,"0,1,2,3,4,5"
439,48.496874,448,107.952,1,1,1,1,1,1,92,88,116,28,84,40,0.947141,0.915743,0.923459,0.922624,0.926784,0.930464,"0,1,2,3,4,5"
440,49.802641,460,97.99,1,1,1,1,1,1,92,72,148,24,88,36,0.922199,0.916781,0.92264,0.934654,0.923427,0.924229,"0,1,2,3,4,5"
441,48.785682,452,108.0,1,1,1,1,1,1,96,84,116,48,72,36,0.925817,0.921501,0.920515,0.923831,0.923507,0.926643,"0,1,2,3,4,5"
442,50.869265,472,107.982,1,1,1,1,1,1,92,100,128,32,84,36,0.929467,0.919435,0.921281,0.916429,0.929035,0.915239,"0,1,2,3,4,5"
443,51.807849,480,107.892,1,1,1,1,1,1,108,104,116,32,84,36,0.929593,0.926359,0.921158,0.919693,0.929463,0.921896,"0,1,2,3,4,5"
444,51.363809,476,107.982,1,1,1,1,1,1,96,88,132,28,96,36,0.918422,0.920226,0.925271,0.916599,0.924054,0.921024,"0,1,2,3,4,5"
445,44.579877,408,107.936,1,1,1,1,1,1,88,72,112,32,68,36,0.928487,0.919274,0.915759,0.926517,0.919641,0.921386,"0,1,2,3,4,5"
448,47.868744,444,108.935,1,1,1,1,1,1,88,92,112,28,88,36,0.780887,0.925136,0.920859,0.934274,0.918359,0.917684,"0,1,2,3,4,5"
449,49.55962,460,107.903,1,1,1,1,1,1,100,88,116,32,84,40,0.927778,0.921484,0.915954,0.920013,0.918817,0.917544,"0,1,2,3,4,5"
450,48.878565,452,107.997,1,1,1,1,1,1,84,72,136,36,84,40,0.929046,0.916056,0.926503,0.925037,0.91633,0.933312,"0,1,2,3,4,5"
451,50.287837,468,107.965,1,1,1,1,1,1,96,100,120,32,84,36,0.931949,0.915992,0.918675,0.925117,0.923995,0.918049,"0,1,2,3,4,5"
452,50.208353,464,107.962,1,1,1,1,1,1,96,80,124,24,100,40,0.930601,0.931167,0.92625,0.918262,0.925914,0.919888,"0,1,2,3,4,5"
453,47.771314,440,107.904,1,1,1,1,1,1,96,68,112,32,96,36,0.919222,0.930924,0.917264,0.915344,0.914014,0.929097,"0,1,2,3,4,5"
454,51.277704,476,107.998,1,1,1,1,1,1,88,112,112,44,84,36,0.936993,0.913679,0.925419,0.92024,0.914366,0.926838,"0,1,2,3,4,5"
455,46.48746,428,107.932,1,1,1,1,1,1,96,68,112,28,88,36,0.925914,0.913994,0.932043,0.925894,0.924626,0.91651,"0,1,2,3,4,5"
456,47.612951,440,87.98,1,1,1,1,1,1,88,72,128,28,84,40,0.923572,0.915756,0.925444,0.935145,0.922355,0.924627,"0,1,2,3,4,5"
457,46.494724,428,107.96,1,1,1,1,1,1,92,68,116,28,84,40,0.915405,0.925168,0.922875,0.930669,0.918511,0.941479,"0,1,2,3,4,5"
459,49.356107,456,107.9,1,1,1,1,1,1,100,100,116,28,80,32,0.916644,0.929268,0.916689,0.922213,0.919611,0.916667,"0,1,2,3,4,5"
460,46.801873,432,107.997,1,1,1,1,1,1,96,68,120,24,84,40,0.925178,0.920588,0.918075,0.940695,0.920274,0.92053,"0,1,2,3,4,5"
461,48.297857,448,108.0,1,1,1,1,1,1,84,92,124,24,88,36,0.926347,0.930198,0.930616,0.925572,0.91709,0.918819,"0,1,2,3,4,5"
462,49.77429,460,108.0,1,1,1,1,1,1,92,108,116,32,68,44,0.926085,0.926747,0.921085,0.925093,0.918381,0.922338,"0,1,2,3,4,5"
463,48.111303,444,107.929,1,1,1,1,1,1,96,76,116,32,88,36,0.933626,0.920865,0.928404,0.931919,0.919277,0.924176,"0,1,2,3,4,5"
464,50.879734,472,107.949,1,1,1,1,1,1,96,76,124,28,112,36,0.922043,0.912446,0.919052,0.930484,0.922581,0.91539,"0,1,2,3,4,5"
465,46.120982,424,98.0,1,1,1,1,1,1,84,72,116,28,84,40,0.927386,0.923117,0.916522,0.930476,0.917586,0.931159,"0,1,2,3,4,5"
466,49.181612,456,107.965,1,1,1,1,1,1,88,92,124,24,88,40,0.929477,0.931036,0.923495,0.920162,0.915867,0.916482,"0,1,2,3,4,5"
467,49.475992,460,108.0,1,1,1,1,1,1,88,92,128,28,88,36,0.92715,0.92142,0.923189,0.914745,0.921916,0.916421,"0,1,2,3,4,5"
468,45.682063,420,97.92,1,1,1,1,1,1,100,72,112,28,72,36,0.934288,0.920619,0.921546,0.924955,0.919821,0.916003,"0,1,2,3,4,5"
469,49.693402,460,107.97,1,1,1,1,1,1,112,72,124,28,84,40,0.929157,0.917733,0.920933,0.927074,0.915012,0.925038,"0,1,2,3,4,5"
470,46.88365,432,108.0,1,1,1,1,1,1,84,96,120,28,68,36,0.919045,0.927815,0.922929,0.919193,0.918156,0.92874,"0,1,2,3,4,5"
471,49.686216,460,107.985,1,1,1,1,1,1,92,96,112,36,84,40,0.922029,0.920454,0.92247,0.930192,0.92275,0.921268,"0,1,2,3,4,5"
472,49.786124,460,107.991,1,1,1,1,1,1,88,124,116,28,68,36,0.930106,0.922419,0.923916,0.917785,0.920855,0.926689,"0,1,2,3,4,5"
474,58.625392,456,108.0,1,1,1,1,1,1,92,92,116,32,84,40,10.262635,0.922661,0.921815,0.921595,0.931338,0.921879,"0,1,2,3,4,5"
475,48.229533,444,107.965,1,1,1,1,1,1,96,72,112,32,96,36,0.926471,0.941518,0.924681,0.935566,0.926077,0.918849,"0,1,2,3,4,5"
477,57.949032,548,87.715,1,1,1,1,1,1,84,72,232,28,96,36,0.778781,0.922519,0.927853,0.926235,0.92247,0.921148,"0,1,2,3,4,5"
478,49.181815,456,98.0,1,1,1,1,1,1,88,112,116,28,76,36,0.930281,0.920453,0.91645,0.91489,0.914368,0.918668,"0,1,2,3,4,5"
479,48.36881,448,97.977,1,1,1,1,1,1,108,72,116,28,84,40,0.922887,0.918751,0.921649,0.921275,0.923655,0.915753,"0,1,2,3,4,5"
480,49.784285,460,107.944,1,1,1,1,1,1,92,104,116,28,84,36,0.932176,0.921318,0.92618,0.923485,0.919264,0.917788,"0,1,2,3,4,5"
481,47.574149,440,97.995,1,1,1,1,1,1,96,88,108,28,84,36,0.934648,0.929365,0.916706,0.922104,0.917581,0.918063,"0,1,2,3,4,5"
482,47.400933,436,108.0,1,1,1,1,1,1,88,68,120,28,96,36,0.921705,0.926684,0.922993,0.914156,0.931046,0.934923,"0,1,2,3,4,5"
483,47.806849,440,107.885,1,1,1,1,1,1,108,68,112,28,88,36,0.943703,0.923055,0.920455,0.930821,0.917661,0.920615,"0,1,2,3,4,5"
484,46.987933,432,97.988,1,1,1,1,1,1,88,88,112,28,80,36,0.931171,0.919001,0.929583,0.917059,0.92963,0.920108,"0,1,2,3,4,5"
485,44.986627,412,97.951,1,1,1,1,1,1,100,68,112,28,72,32,0.929901,0.919252,0.921228,0.916383,0.927221,0.923254,"0,1,2,3,4,5"
486,52.565419,488,107.961,1,1,1,1,1,1,92,128,124,32,80,32,0.919389,0.916025,0.918391,0.917037,0.933139,0.917284,"0,1,2,3,4,5"
487,47.089777,436,97.999,1,1,1,1,1,1,84,68,124,24,88,48,0.931006,0.923564,0.920687,0.933746,0.925114,0.916473,"0,1,2,3,4,5"
488,49.490607,460,107.917,1,1,1,1,1,1,92,96,116,28,88,40,0.922681,0.923298,0.921955,0.930507,0.923566,0.918906,"0,1,2,3,4,5"
489,48.80576,452,98.0,1,1,1,1,1,1,84,100,120,28,72,48,0.931423,0.924711,0.92256,0.921063,0.924979,0.931745,"0,1,2,3,4,5"
490,49.058578,456,108.0,1,1,1,1,1,1,84,104,116,28,84,40,0.919409,0.915226,0.916411,0.923778,0.915569,0.921135,"0,1,2,3,4,5"
491,50.595841,468,107.99,1,1,1,1,1,1,92,68,144,28,104,32,0.929154,0.920524,0.921016,0.929325,0.914187,0.930418,"0,1,2,3,4,5"
492,41.915508,384,78.0,1,1,1,1,1,1,84,72,104,32,84,8,0.92845,0.918574,0.921209,0.929978,0.924475,0.919772,"0,1,2,3,4,5"
494,45.535903,420,88.0,1,1,1,1,1,1,84,72,116,28,84,36,0.781617,0.919486,0.917917,0.915177,0.921086,0.930919,"0,1,2,3,4,5"
495,47.99007,444,107.917,1,1,1,1,1,1,96,84,120,28,76,40,0.939448,0.917017,0.923847,0.914735,0.924046,0.926717,"0,1,2,3,4,5"
496,51.252571,476,107.902,1,1,1,1,1,1,116,84,124,28,84,40,0.925595,0.926713,0.931954,0.932734,0.931016,0.923372,"0,1,2,3,4,5"
497,49.192985,456,107.967,1,1,1,1,1,1,100,88,116,28,84,40,0.925577,0.936359,0.9235,0.924553,0.922177,0.918735,"0,1,2,3,4,5"
498,48.189316,444,97.949,1,1,1,1,1,1,92,72,120,36,88,36,0.926725,0.926095,0.924512,0.924396,0.922774,0.91707,"0,1,2,3,4,5"
499,46.39146,428,107.999,1,1,1,1,1,1,84,72,120,28,84,40,0.922668,0.930829,0.927692,0.925981,0.925077,0.91953,"0,1,2,3,4,5"
