episode,runtime_sec,steps,reward,task1_success,task2_success,task3_success,task4_success,task5_success,task6_success,task1_steps,task2_steps,task3_steps,task4_steps,task5_steps,task6_steps
1,47.498633,472,97.974,1,1,1,1,1,1,92,84,120,52,88,36
2,44.021731,440,107.977,1,1,1,1,1,1,92,68,120,24,92,44
3,47.116351,472,107.933,1,1,1,1,1,1,96,92,136,28,80,40
4,46.324020,464,107.913,1,1,1,1,1,1,96,112,120,32,68,36
5,42.319179,424,98.000,1,1,1,1,1,1,88,72,112,28,84,40
6,40.425242,404,97.996,1,1,1,1,1,1,84,68,112,28,80,32
7,44.218536,444,108.000,1,1,1,1,1,1,84,88,124,24,84,40
8,45.520282,456,97.943,1,1,1,1,1,1,96,84,124,24,92,36
9,40.012753,400,98.000,1,1,1,1,1,1,84,72,108,32,68,36
10,43.527577,436,98.000,1,1,1,1,1,1,88,88,108,32,84,36
11,44.325653,444,98.000,1,1,1,1,1,1,88,72,132,28,84,40
12,42.014108,420,97.994,1,1,1,1,1,1,84,72,112,32,84,36
13,47.923509,480,107.973,1,1,1,1,1,1,96,92,140,28,84,40
14,44.718857,448,108.000,1,1,1,1,1,1,92,92,116,28,84,36
15,43.217626,432,108.000,1,1,1,1,1,1,92,72,120,28,84,36
16,44.818831,448,108.951,1,1,1,1,1,1,100,84,112,28,88,36
17,41.623833,416,97.997,1,1,1,1,1,1,92,84,112,28,68,32
18,42.916849,432,108.000,1,1,1,1,1,1,84,68,120,28,84,48
19,35.413761,356,62.906,1,1,1,1,0,0,100,84,124,28,20,0
20,44.921623,452,108.000,1,1,1,1,1,1,84,92,124,28,84,40
21,41.021182,416,98.000,1,1,1,1,1,1,96,72,108,32,68,40
22,45.129129,452,87.899,1,1,1,1,1,1,100,92,112,28,84,36
23,44.008190,440,107.974,1,1,1,1,1,1,92,96,116,28,76,32
24,44.616275,448,107.983,1,1,1,1,1,1,84,84,128,28,84,40
25,47.821607,480,108.000,1,1,1,1,1,1,84,124,116,32,72,52
26,42.413796,424,97.962,1,1,1,1,1,1,96,68,120,32,76,32
27,45.932538,460,108.000,1,1,1,1,1,1,84,100,124,32,84,36
28,43.213591,432,107.949,1,1,1,1,1,1,92,84,112,28,80,36
29,43.934624,440,107.956,1,1,1,1,1,1,92,68,124,28,84,44
30,42.399431,424,108.000,1,1,1,1,1,1,96,68,112,28,84,36
31,42.231327,424,107.997,1,1,1,1,1,1,88,68,116,28,84,40
32,44.319654,444,107.936,1,1,1,1,1,1,92,84,120,28,80,40
33,43.914153,440,77.960,1,1,1,1,1,1,96,92,112,28,104,8
34,1.417411,16,-5.065,0,0,0,0,0,0,16,0,0,0,0,0
35,43.520661,436,97.970,1,1,1,1,1,1,92,84,108,28,88,36
36,42.633383,428,108.000,1,1,1,1,1,1,84,68,120,28,88,40
37,41.210561,412,98.000,1,1,1,1,1,1,92,72,112,28,72,36
38,41.317319,416,107.989,1,1,1,1,1,1,88,68,120,32,72,36
39,45.216283,452,108.000,1,1,1,1,1,1,84,100,116,28,88,36
40,41.918385,420,97.958,1,1,1,1,1,1,92,72,108,28,72,48
41,0.362188,8,-5.025,0,0,0,0,0,0,8,0,0,0,0,0
42,42.918694,432,108.000,1,1,1,1,1,1,88,72,120,24,84,44
43,44.316952,444,98.000,1,1,1,1,1,1,84,100,112,28,84,36
44,47.527337,476,108.000,1,1,1,1,1,1,88,112,116,36,84,40
45,42.824160,428,107.934,1,1,1,1,1,1,96,68,120,24,72,48
46,43.708735,440,97.992,1,1,1,1,1,1,88,84,116,28,84,40
47,42.328645,424,107.999,1,1,1,1,1,1,84,68,124,24,88,36
48,42.729636,428,97.907,1,1,1,1,1,1,108,72,112,24,76,36
49,44.502227,448,97.961,1,1,1,1,1,1,96,76,120,28,80,48
50,44.029186,440,107.998,1,1,1,1,1,1,88,84,120,28,84,36
51,0.528391,8,-5.020,0,0,0,0,0,0,8,0,0,0,0,0
52,43.600998,436,98.000,1,1,1,1,1,1,92,92,116,28,76,32
53,43.625841,436,98.000,1,1,1,1,1,1,84,72,104,56,84,36
54,42.415049,424,107.937,1,1,1,1,1,1,88,68,132,32,68,36
55,42.825983,428,107.999,1,1,1,1,1,1,92,72,120,28,80,36
56,42.422209,424,107.935,1,1,1,1,1,1,92,80,116,28,76,32
57,46.809810,468,97.990,1,1,1,1,1,1,92,100,116,32,84,44
58,45.625702,456,87.974,1,1,1,1,1,1,96,72,128,28,96,36
59,44.122417,444,97.966,1,1,1,1,1,1,88,68,116,52,84,36
60,44.212230,444,107.971,1,1,1,1,1,1,88,84,120,28,84,40
61,44.489149,448,107.999,1,1,1,1,1,1,92,88,116,28,84,40
62,45.217470,452,97.958,1,1,1,1,1,1,92,80,132,28,84,36
63,44.009540,440,108.000,1,1,1,1,1,1,92,84,116,28,84,36
64,46.824220,468,107.942,1,1,1,1,1,1,96,116,120,32,68,36
65,46.319968,464,107.999,1,1,1,1,1,1,88,104,116,28,84,44
66,42.419773,424,97.965,1,1,1,1,1,1,92,68,112,32,84,36
67,44.319415,444,97.976,1,1,1,1,1,1,96,72,116,24,100,36
68,45.713163,460,97.991,1,1,1,1,1,1,96,88,116,32,84,44
69,42.921454,432,107.993,1,1,1,1,1,1,92,76,116,28,84,36
70,42.121881,424,107.943,1,1,1,1,1,1,92,76,116,32,72,36
71,43.928476,440,107.999,1,1,1,1,1,1,92,84,116,28,84,36
72,41.520411,416,107.981,1,1,1,1,1,1,96,68,116,24,76,36
73,44.714830,448,107.961,1,1,1,1,1,1,88,100,112,28,84,36
74,42.022506,420,107.969,1,1,1,1,1,1,92,72,112,24,84,36
75,45.717586,460,96.970,1,1,1,1,1,1,84,96,124,32,84,40
76,43.922508,440,107.967,1,1,1,1,1,1,84,88,120,24,84,40
77,44.317648,444,108.000,1,1,1,1,1,1,88,84,112,28,96,36
78,44.825727,448,97.993,1,1,1,1,1,1,84,76,124,40,84,40
79,44.705335,448,88.000,1,1,1,1,1,1,88,96,116,28,84,36
80,43.119150,432,107.984,1,1,1,1,1,1,96,68,116,28,88,36
81,41.759072,420,107.919,1,1,1,1,1,1,92,68,116,32,80,32
82,47.723884,480,98.000,1,1,1,1,1,1,88,96,136,32,88,40
83,45.625028,456,107.943,1,1,1,1,1,1,96,72,124,24,100,40
84,43.218119,432,108.000,1,1,1,1,1,1,88,84,112,28,84,36
85,47.222835,472,107.893,1,1,1,1,1,1,104,88,140,28,80,32
86,47.920245,480,107.979,1,1,1,1,1,1,96,88,144,32,84,36
87,44.610550,448,107.964,1,1,1,1,1,1,88,84,124,28,84,40
88,43.131168,432,107.964,1,1,1,1,1,1,92,72,120,28,84,36
89,43.421158,436,107.993,1,1,1,1,1,1,84,68,128,32,80,44
90,44.311322,444,98.000,1,1,1,1,1,1,84,80,132,28,84,36
91,41.624614,416,97.975,1,1,1,1,1,1,84,68,116,28,84,36
92,42.817060,428,97.951,1,1,1,1,1,1,84,88,108,28,84,36
93,45.922285,460,107.976,1,1,1,1,1,1,96,80,124,28,84,48
94,43.510721,436,107.922,1,1,1,1,1,1,96,68,120,28,84,40
95,45.519670,456,107.998,1,1,1,1,1,1,92,96,116,24,88,40
96,43.026151,432,107.957,1,1,1,1,1,1,92,68,120,28,84,40
97,44.012601,440,107.951,1,1,1,1,1,1,96,68,120,28,92,36
98,42.927613,432,87.981,1,1,1,1,1,1,96,96,112,28,92,8
99,44.322599,444,98.000,1,1,1,1,1,1,92,88,112,24,88,40
100,44.716602,448,107.968,1,1,1,1,1,1,92,84,112,28,88,44
101,41.318454,416,107.992,1,1,1,1,1,1,88,68,112,28,84,36
102,41.524796,416,107.995,1,1,1,1,1,1,88,76,116,28,68,40
103,44.322820,444,107.922,1,1,1,1,1,1,96,96,116,28,68,40
104,41.915241,420,98.000,1,1,1,1,1,1,88,72,112,28,84,36
105,46.015020,460,107.947,1,1,1,1,1,1,88,96,124,32,84,36
106,45.821829,460,108.000,1,1,1,1,1,1,88,92,128,24,88,40
107,45.125370,452,108.972,1,1,1,1,1,1,84,88,116,28,96,40
108,40.013396,400,98.000,1,1,1,1,1,1,84,72,112,28,68,36
109,44.123688,444,107.982,1,1,1,1,1,1,92,88,116,28,84,36
110,42.128144,424,97.986,1,1,1,1,1,1,92,84,116,28,68,36
111,41.415917,416,87.975,1,1,1,1,1,1,96,68,108,24,80,40
112,44.511313,448,108.000,1,1,1,1,1,1,92,92,112,28,84,40
113,43.534709,436,108.000,1,1,1,1,1,1,84,68,120,44,84,36
114,43.209497,432,107.972,1,1,1,1,1,1,92,72,112,32,84,40
115,42.815685,428,98.000,1,1,1,1,1,1,92,68,128,28,76,36
116,42.026962,420,108.000,1,1,1,1,1,1,88,68,120,28,84,32
117,41.832673,420,107.998,1,1,1,1,1,1,88,68,112,28,84,40
118,33.702734,340,62.971,1,1,1,1,0,0,88,68,120,48,16,0
119,43.124243,432,98.000,1,1,1,1,1,1,92,68,116,28,88,40
120,44.525183,448,107.968,1,1,1,1,1,1,88,112,112,24,72,40
121,45.956761,464,98.000,1,1,1,1,1,1,84,100,128,28,84,40
122,45.130551,452,107.999,1,1,1,1,1,1,92,92,120,28,84,36
123,44.012797,440,108.000,1,1,1,1,1,1,92,80,116,28,88,36
124,42.618150,428,97.967,1,1,1,1,1,1,92,68,116,28,84,40
125,44.724732,448,107.948,1,1,1,1,1,1,92,92,116,28,84,36
126,49.522523,496,107.942,1,1,1,1,1,1,92,112,140,28,84,40
127,44.315442,444,108.000,1,1,1,1,1,1,88,92,116,28,84,36
128,42.728595,428,107.972,1,1,1,1,1,1,84,68,128,28,80,40
129,45.213421,452,98.000,1,1,1,1,1,1,84,104,124,28,76,36
130,44.017224,440,108.000,1,1,1,1,1,1,88,100,116,24,80,32
131,43.216697,432,107.947,1,1,1,1,1,1,92,80,112,28,84,36
132,45.728587,460,87.925,1,1,1,1,1,1,96,72,140,28,84,40
133,1000.025788,10000,24.609,1,1,1,1,1,1,96,68,116,36,84,9600
134,47.511628,476,107.983,1,1,1,1,1,1,92,92,132,24,100,36
135,46.315382,464,107.943,1,1,1,1,1,1,96,92,128,28,84,36
136,42.323134,424,107.993,1,1,1,1,1,1,84,72,120,28,84,36
137,43.028293,432,107.935,1,1,1,1,1,1,96,80,116,32,72,36
138,43.923921,440,108.000,1,1,1,1,1,1,92,84,112,32,84,36
139,42.515140,428,97.951,1,1,1,1,1,1,92,68,116,28,80,44
140,43.513530,436,107.859,1,1,1,1,1,1,112,72,116,24,76,36
141,45.552213,460,97.907,1,1,1,1,1,1,100,92,116,28,84,40
142,42.608410,428,97.990,1,1,1,1,1,1,80,72,120,32,84,40
143,42.623606,428,107.958,1,1,1,1,1,1,88,68,112,28,96,36
144,46.718978,468,108.000,1,1,1,1,1,1,92,100,124,28,88,36
145,47.017763,472,97.935,1,1,1,1,1,1,92,108,124,28,80,40
146,41.622246,416,107.955,1,1,1,1,1,1,96,72,116,24,76,32
147,40.621575,408,108.000,1,1,1,1,1,1,92,68,116,28,68,36
148,42.322475,424,107.994,1,1,1,1,1,1,88,68,116,28,88,36
149,43.331312,436,107.970,1,1,1,1,1,1,84,68,128,28,84,44
150,42.302960,424,97.949,1,1,1,1,1,1,88,68,120,32,80,36
151,43.918290,440,87.925,1,1,1,1,1,1,96,72,112,32,84,44
152,47.020263,472,98.000,1,1,1,1,1,1,88,92,132,28,84,48
153,47.118278,472,108.000,1,1,1,1,1,1,88,108,132,28,80,36
154,45.714413,460,107.881,1,1,1,1,1,1,104,84,116,24,92,40
155,0.125985,4,-5.000,0,0,0,0,0,0,4,0,0,0,0,0
156,42.615606,428,107.988,1,1,1,1,1,1,88,72,116,28,84,40
157,43.418182,436,97.946,1,1,1,1,1,1,96,68,116,32,84,40
158,41.127907,412,97.999,1,1,1,1,1,1,88,72,104,28,84,36
159,45.121326,452,107.951,1,1,1,1,1,1,92,84,124,28,84,40
160,43.725795,440,98.000,1,1,1,1,1,1,88,72,116,28,96,40
161,42.449659,428,107.949,1,1,1,1,1,1,92,72,116,28,84,36
162,43.915524,440,107.903,1,1,1,1,1,1,100,72,112,32,84,40
163,33.636602,336,62.941,1,1,1,1,0,0,92,84,120,28,12,0
164,46.909155,472,108.000,1,1,1,1,1,1,92,72,152,44,72,40
165,34.222362,344,62.947,1,1,1,1,0,0,92,96,116,24,16,0
166,47.411746,476,97.978,1,1,1,1,1,1,96,96,128,32,84,40
167,45.032815,452,107.961,1,1,1,1,1,1,88,92,120,28,84,40
168,43.107514,432,107.998,1,1,1,1,1,1,88,68,124,28,88,36
169,44.029948,440,97.999,1,1,1,1,1,1,92,88,108,28,88,36
170,44.414514,444,107.991,1,1,1,1,1,1,88,92,128,28,72,36
171,45.622542,456,97.946,1,1,1,1,1,1,92,100,116,24,88,36
172,42.611712,428,108.000,1,1,1,1,1,1,88,72,120,28,84,36
173,45.025930,452,98.000,1,1,1,1,1,1,84,96,112,32,88,40
174,41.821976,420,107.998,1,1,1,1,1,1,84,80,124,28,68,36
175,44.320383,444,107.969,1,1,1,1,1,1,100,72,120,28,88,36
176,44.521584,448,98.000,1,1,1,1,1,1,92,92,108,32,84,40
177,46.327105,464,97.970,1,1,1,1,1,1,96,92,132,24,84,36
178,42.220958,424,107.994,1,1,1,1,1,1,88,72,112,28,84,40
179,44.702037,448,107.980,1,1,1,1,1,1,92,88,116,28,84,40
180,42.827740,428,97.942,1,1,1,1,1,1,92,72,112,28,84,40
181,45.666124,460,108.989,1,1,1,1,1,1,92,80,120,28,100,40
182,45.423389,456,108.000,1,1,1,1,1,1,88,72,144,28,84,40
183,44.723945,448,107.977,1,1,1,1,1,1,92,96,116,24,84,36
184,45.914195,460,107.975,1,1,1,1,1,1,88,88,120,28,100,36
185,44.513216,448,107.930,1,1,1,1,1,1,92,84,120,24,72,56
186,44.420005,444,107.973,1,1,1,1,1,1,96,84,116,28,84,36
187,44.019302,440,97.990,1,1,1,1,1,1,84,72,136,24,92,32
188,48.427100,484,107.999,1,1,1,1,1,1,92,108,140,28,84,32
189,43.512617,436,107.943,1,1,1,1,1,1,92,84,112,28,84,36
190,44.820288,448,107.954,1,1,1,1,1,1,88,92,116,24,92,36
191,42.429035,424,97.931,1,1,1,1,1,1,92,72,108,24,92,36
192,34.116043,344,52.959,1,1,1,1,0,0,96,92,112,28,16,0
193,44.623818,448,107.981,1,1,1,1,1,1,92,92,112,32,84,36
194,45.514440,456,107.985,1,1,1,1,1,1,92,84,124,32,84,40
195,42.623711,428,108.000,1,1,1,1,1,1,84,68,120,28,88,40
196,46.014137,460,98.000,1,1,1,1,1,1,92,96,124,28,84,36
197,45.225525,452,107.966,1,1,1,1,1,1,92,96,120,28,84,32
198,45.221796,452,107.898,1,1,1,1,1,1,100,68,124,36,84,40
199,44.718728,448,108.000,1,1,1,1,1,1,88,92,112,32,84,40
200,48.711093,488,109.000,1,1,1,1,1,1,96,96,124,28,104,40
201,45.975065,464,97.963,1,1,1,1,1,1,92,100,120,24,88,40
202,42.226332,424,87.987,1,1,1,1,1,1,96,88,120,28,84,8
203,45.208262,452,97.978,1,1,1,1,1,1,92,72,140,28,84,36
204,44.636180,448,107.966,1,1,1,1,1,1,100,84,116,24,84,40
205,42.712562,428,107.963,1,1,1,1,1,1,96,68,116,28,84,36
206,45.118889,452,97.979,1,1,1,1,1,1,88,92,124,28,84,36
207,45.818187,460,108.000,1,1,1,1,1,1,92,68,120,28,112,40
208,46.329854,464,107.949,1,1,1,1,1,1,92,88,128,28,84,44
209,41.610320,416,108.000,1,1,1,1,1,1,96,68,120,28,68,36
210,42.322204,424,97.962,1,1,1,1,1,1,92,72,112,28,84,36
211,42.211096,424,97.990,1,1,1,1,1,1,88,72,108,28,88,40
212,42.827469,428,97.963,1,1,1,1,1,1,92,72,120,32,80,32
213,42.721013,428,97.948,1,1,1,1,1,1,92,68,120,28,84,36
214,42.317424,424,107.980,1,1,1,1,1,1,88,68,116,28,88,36
215,47.817372,480,107.998,1,1,1,1,1,1,96,72,120,24,128,40
216,48.816170,488,107.951,1,1,1,1,1,1,88,120,132,28,84,36
217,43.526626,436,87.905,1,1,1,1,1,1,100,68,124,28,80,36
218,33.112394,332,62.960,1,1,1,1,0,0,84,72,140,28,8,0
219,42.022176,420,108.000,1,1,1,1,1,1,84,68,120,28,88,32
220,42.021062,420,98.000,1,1,1,1,1,1,88,68,112,28,80,44
221,44.874416,452,107.965,1,1,1,1,1,1,92,84,116,28,88,44
222,44.020885,440,107.931,1,1,1,1,1,1,92,84,116,24,92,32
223,44.316757,444,97.983,1,1,1,1,1,1,92,68,128,32,88,36
224,12.324376,124,6.949,1,0,0,0,0,0,92,32,0,0,0,0
225,0.118307,4,-5.000,0,0,0,0,0,0,4,0,0,0,0,0
226,41.226503,412,108.000,1,1,1,1,1,1,92,68,112,28,68,44
227,1000.023407,10000,24.506,1,1,1,1,1,1,92,68,116,32,120,9572
228,41.304518,416,107.998,1,1,1,1,1,1,88,72,116,28,72,40
229,44.327994,444,107.962,1,1,1,1,1,1,92,68,124,28,96,36
230,42.322562,424,107.973,1,1,1,1,1,1,92,68,120,24,84,36
231,41.707227,420,87.997,1,1,1,1,1,1,84,72,112,28,84,40
232,44.021082,440,107.904,1,1,1,1,1,1,104,68,124,36,72,36
233,44.528778,448,108.000,1,1,1,1,1,1,88,88,112,40,84,36
234,40.016949,400,97.999,1,1,1,1,1,1,84,68,116,28,72,32
235,44.614356,448,107.970,1,1,1,1,1,1,96,88,116,24,84,40
236,46.031466,460,108.000,1,1,1,1,1,1,88,96,136,28,76,36
237,39.015762,392,88.000,1,1,1,1,1,1,92,68,112,28,84,8
238,44.418322,444,97.996,1,1,1,1,1,1,84,84,128,28,84,36
239,42.816407,428,107.878,1,1,1,1,1,1,108,72,108,28,72,40
240,44.014101,440,107.950,1,1,1,1,1,1,88,92,112,28,84,36
241,43.998213,444,107.939,1,1,1,1,1,1,96,72,124,28,84,40
242,44.014045,440,108.000,1,1,1,1,1,1,104,68,120,28,84,36
243,42.017027,420,107.958,1,1,1,1,1,1,96,68,120,28,72,36
244,42.819568,428,108.000,1,1,1,1,1,1,96,68,112,32,84,36
245,44.427328,444,107.942,1,1,1,1,1,1,92,72,116,28,100,36
246,44.318005,444,107.966,1,1,1,1,1,1,96,84,128,28,72,36
247,0.616304,8,-5.025,0,0,0,0,0,0,8,0,0,0,0,0
248,44.628945,448,108.000,1,1,1,1,1,1,92,84,120,28,84,40
249,44.813298,448,97.973,1,1,1,1,1,1,84,84,132,28,84,36
250,41.011852,412,98.000,1,1,1,1,1,1,84,72,116,28,72,40
251,43.634698,436,107.903,1,1,1,1,1,1,100,68,124,32,80,32
252,49.214754,492,108.000,1,1,1,1,1,1,92,92,140,28,104,36
253,43.807484,440,107.961,1,1,1,1,1,1,88,80,116,32,84,40
254,45.332056,456,97.975,1,1,1,1,1,1,92,84,132,28,80,40
255,42.911217,432,107.974,1,1,1,1,1,1,88,68,116,32,88,40
256,46.126253,464,108.000,1,1,1,1,1,1,88,120,112,28,80,36
257,46.813556,468,108.000,1,1,1,1,1,1,84,116,120,28,84,36
258,1000.028976,10000,25.554,1,1,1,1,1,1,92,68,112,32,76,9620
259,43.921421,440,88.000,1,1,1,1,1,1,92,84,116,28,84,36
260,44.813547,448,108.000,1,1,1,1,1,1,88,92,120,28,84,36
261,43.383461,436,107.907,1,1,1,1,1,1,96,72,112,28,84,44
262,111.816746,1120,107.984,1,1,1,1,1,1,88,80,128,28,76,720
263,42.129498,424,107.933,1,1,1,1,1,1,92,76,112,36,72,36
264,47.808754,480,107.942,1,1,1,1,1,1,92,92,148,28,80,40
265,46.619049,468,108.000,1,1,1,1,1,1,92,84,124,28,100,40
266,41.316256,416,107.998,1,1,1,1,1,1,84,64,120,32,76,40
267,43.824947,440,98.000,1,1,1,1,1,1,88,84,112,32,84,40
268,43.430097,436,97.955,1,1,1,1,1,1,88,84,112,28,84,40
269,43.122189,432,108.000,1,1,1,1,1,1,88,68,116,24,8,36
270,46.410163,464,107.894,1,1,1,1,1,1,104,96,112,32,84,36
271,41.911320,420,107.951,1,1,1,1,1,1,88,72,112,24,84,40
272,43.625833,436,107.952,1,1,1,1,1,1,96,84,116,24,80,36
273,47.414474,476,107.945,1,1,1,1,1,1,88,88,116,28,116,40
274,32.626790,328,63.000,1,1,1,1,0,0,84,80,120,28,16,0
275,45.119537,452,108.000,1,1,1,1,1,1,92,92,116,32,84,36
276,46.020062,460,107.905,1,1,1,1,1,1,108,88,120,28,80,36
277,43.419431,436,107.968,1,1,1,1,1,1,92,68,116,28,92,40
278,43.217184,432,107.953,1,1,1,1,1,1,104,72,112,28,80,36
279,43.525014,436,87.985,1,1,1,1,1,1,88,84,120,24,84,36
280,42.916155,432,77.961,1,1,1,1,1,1,96,96,116,28,88,8
281,44.979884,452,107.967,1,1,1,1,1,1,88,84,124,36,84,36
282,42.726845,428,108.000,1,1,1,1,1,1,88,84,108,36,76,36
283,42.008714,420,107.988,1,1,1,1,1,1,80,80,112,28,80,40
284,45.419050,456,97.966,1,1,1,1,1,1,88,92,120,28,88,40
285,50.126253,504,107.829,1,1,1,1,1,1,116,120,120,28,84,36
286,31.727268,320,62.968,1,1,1,1,0,0,92,72,116,24,16,0
287,46.012464,460,97.927,1,1,1,1,1,1,92,92,120,28,92,36
288,46.618482,468,107.965,1,1,1,1,1,1,108,92,116,24,88,40
289,49.124649,492,107.918,1,1,1,1,1,1,96,96,144,32,84,40
290,43.114472,432,98.000,1,1,1,1,1,1,88,88,108,28,84,36
291,41.517351,416,88.000,1,1,1,1,1,1,84,72,104,32,84,40
292,43.943515,440,108.000,1,1,1,1,1,1,84,84,124,28,84,36
293,45.198460,452,107.935,1,1,1,1,1,1,100,84,120,24,88,36
294,0.119477,4,-5.000,0,0,0,0,0,0,4,0,0,0,0,0
295,44.627077,448,97.942,1,1,1,1,1,1,96,72,124,32,84,40
296,41.017906,412,107.997,1,1,1,1,1,1,84,80,112,32,68,36
297,43.822239,440,107.986,1,1,1,1,1,1,92,72,124,28,84,40
298,43.912596,440,108.000,1,1,1,1,1,1,84,68,136,28,84,40
299,43.619891,436,97.998,1,1,1,1,1,1,88,72,128,28,84,36
300,42.824585,428,107.998,1,1,1,1,1,1,84,84,124,28,72,36
301,0.074817,4,-5.000,0,0,0,0,0,0,4,0,0,0,0,0
302,43.166190,436,107.998,1,1,1,1,1,1,84,72,128,28,84,40
303,46.314652,464,108.000,1,1,1,1,1,1,88,100,120,28,84,44
304,42.424413,424,106.968,1,1,1,1,1,1,88,64,140,28,68,36
305,46.420734,464,107.971,1,1,1,1,1,1,96,88,120,28,88,44
306,43.516574,436,97.912,1,1,1,1,1,1,100,76,112,28,84,36
307,45.122170,452,97.992,1,1,1,1,1,1,84,108,120,28,76,36
308,44.312704,444,107.969,1,1,1,1,1,1,88,72,116,28,104,36
309,49.120908,492,97.973,1,1,1,1,1,1,124,84,120,28,100,36
310,43.423065,436,107.988,1,1,1,1,1,1,84,72,124,32,76,48
311,45.111999,452,107.964,1,1,1,1,1,1,92,100,112,32,80,36
312,42.423737,424,107.981,1,1,1,1,1,1,96,80,112,32,68,36
313,47.223356,472,107.975,1,1,1,1,1,1,96,108,120,28,84,36
314,43.623326,436,107.965,1,1,1,1,1,1,84,84,116,32,84,36
315,46.315106,464,107.978,1,1,1,1,1,1,92,84,140,28,84,36
316,45.129208,452,107.976,1,1,1,1,1,1,96,72,132,28,88,36
317,42.815178,428,108.000,1,1,1,1,1,1,84,76,116,28,88,36
318,44.916716,452,107.826,1,1,1,1,1,1,112,72,120,28,80,40
319,42.613378,428,98.000,1,1,1,1,1,1,84,84,112,24,88,36
320,44.427845,444,107.967,1,1,1,1,1,1,84,84,116,40,84,36
321,42.954078,432,107.972,1,1,1,1,1,1,100,68,120,24,84,36
322,13.421402,136,6.989,1,0,0,0,0,0,92,44,0,0,0,0
323,44.523854,448,98.000,1,1,1,1,1,1,92,84,140,28,68,36
324,41.719675,420,98.000,1,1,1,1,1,1,92,68,120,28,76,36
325,42.821672,428,97.975,1,1,1,1,1,1,92,84,116,28,72,36
326,43.118815,432,107.931,1,1,1,1,1,1,96,72,112,28,80,44
327,42.921792,432,108.000,1,1,1,1,1,1,88,72,124,28,84,36
328,44.812377,448,107.962,1,1,1,1,1,1,92,72,132,28,88,36
329,48.620879,488,108.962,1,1,1,1,1,1,88,92,168,28,72,40
330,44.021498,440,97.997,1,1,1,1,1,1,84,92,116,28,84,36
331,43.024114,432,107.959,1,1,1,1,1,1,92,72,116,28,84,40
332,47.015158,472,107.986,1,1,1,1,1,1,84,112,120,32,84,40
333,45.919502,460,98.000,1,1,1,1,1,1,88,100,124,28,84,36
334,44.819155,448,98.000,1,1,1,1,1,1,104,84,112,28,84,36
335,42.937019,432,107.974,1,1,1,1,1,1,96,68,116,24,88,40
336,44.014007,440,108.000,1,1,1,1,1,1,88,68,136,28,84,36
337,42.313141,424,107.967,1,1,1,1,1,1,92,68,116,28,84,36
338,42.622049,428,107.999,1,1,1,1,1,1,84,68,124,28,88,36
339,43.515204,436,107.999,1,1,1,1,1,1,92,72,116,32,84,40
340,43.920142,440,107.977,1,1,1,1,1,1,84,88,120,28,84,36
341,42.583145,428,97.958,1,1,1,1,1,1,92,84,112,28,80,32
342,45.010695,452,107.970,1,1,1,1,1,1,96,88,116,28,84,40
343,42.632445,428,107.959,1,1,1,1,1,1,88,72,116,24,88,40
344,43.815986,440,108.000,1,1,1,1,1,1,88,68,124,28,92,40
345,44.422325,444,108.000,1,1,1,1,1,1,92,68,132,28,88,36
346,41.019137,412,108.000,1,1,1,1,1,1,88,68,116,32,72,36
347,44.616579,448,107.928,1,1,1,1,1,1,96,72,128,32,80,40
348,41.511900,416,108.000,1,1,1,1,1,1,84,68,116,28,84,36
349,44.228315,444,108.000,1,1,1,1,1,1,84,72,136,28,84,40
350,0.120383,4,-5.000,0,0,0,0,0,0,4,0,0,0,0,0
351,0.522950,8,-5.020,0,0,0,0,0,0,8,0,0,0,0,0
352,43.515567,436,108.000,1,1,1,1,1,1,84,72,124,24,92,40
353,41.614910,416,98.000,1,1,1,1,1,1,92,72,108,28,84,32
354,42.322196,424,108.000,1,1,1,1,1,1,92,80,116,28,72,36
355,44.736483,448,107.911,1,1,1,1,1,1,100,84,112,28,84,40
356,47.702790,480,108.000,1,1,1,1,1,1,108,92,120,32,88,40
357,44.021208,440,97.992,1,1,1,1,1,1,92,72,112,32,88,44
358,44.819355,448,107.959,1,1,1,1,1,1,92,88,120,28,84,36
359,44.720461,448,97.999,1,1,1,1,1,1,84,72,140,28,84,40
360,41.925488,420,108.000,1,1,1,1,1,1,88,72,120,24,80,36
361,40.659438,412,107.979,1,1,1,1,1,1,96,68,112,28,72,36
362,0.804376,8,-5.035,0,0,0,0,0,0,8,0,0,0,0,0
363,45.212301,452,107.879,1,1,1,1,1,1,104,68,112,32,12,32
364,45.926279,460,107.994,1,1,1,1,1,1,92,96,120,24,92,36
365,48.818308,488,107.831,1,1,1,1,1,1,116,100,116,32,88,36
366,47.620403,476,107.932,1,1,1,1,1,1,96,96,116,48,84,36
367,46.315747,464,107.998,1,1,1,1,1,1,92,88,120,32,92,40
368,10.825235,108,6.994,1,0,0,0,0,0,88,20,0,0,0,0
369,0.125048,4,-5.000,0,0,0,0,0,0,4,0,0,0,0,0
370,44.517897,448,108.000,1,1,1,1,1,1,88,92,116,28,76,48
371,43.914185,440,107.959,1,1,1,1,1,1,84,72,140,28,80,36
372,46.415577,464,108.000,1,1,1,1,1,1,92,104,116,32,84,36
373,0.120356,4,-5.000,0,0,0,0,0,0,4,0,0,0,0,0
374,45.626244,456,107.961,1,1,1,1,1,1,96,88,116,32,88,36
375,46.615240,468,108.000,1,1,1,1,1,1,88,112,116,28,84,40
376,46.329040,464,107.965,1,1,1,1,1,1,92,84,132,32,84,40
377,46.611332,468,107.875,1,1,1,1,1,1,104,96,116,28,84,40
378,44.732529,448,108.000,1,1,1,1,1,1,84,96,112,32,88,36
379,42.411642,424,107.998,1,1,1,1,1,1,84,92,116,28,68,36
380,44.514116,448,107.969,1,1,1,1,1,1,96,68,132,28,88,36
381,43.756485,440,107.950,1,1,1,1,1,1,92,84,116,28,84,36
382,42.314258,424,107.955,1,1,1,1,1,1,84,72,116,24,92,36
383,42.826005,428,97.938,1,1,1,1,1,1,92,72,124,28,76,36
384,44.824697,448,98.000,1,1,1,1,1,1,92,92,112,28,84,40
385,41.208234,412,88.000,1,1,1,1,1,1,92,68,112,28,80,32
386,44.427331,444,97.928,1,1,1,1,1,1,88,108,112,28,72,36
387,43.014109,432,107.970,1,1,1,1,1,1,96,84,116,28,72,36
388,45.929967,460,108.000,1,1,1,1,1,1,88,76,136,28,88,44
389,44.011307,440,97.989,1,1,1,1,1,1,92,68,140,28,76,36
390,41.721472,420,107.968,1,1,1,1,1,1,96,68,116,28,72,40
391,46.525015,468,107.992,1,1,1,1,1,1,96,64,140,36,84,48
392,45.114624,452,97.950,1,1,1,1,1,1,88,96,108,32,84,44
393,48.624021,488,107.950,1,1,1,1,1,1,96,92,148,28,88,36
394,43.525620,436,97.973,1,1,1,1,1,1,92,76,120,28,84,36
395,43.510957,436,107.997,1,1,1,1,1,1,84,72,132,28,84,36
396,42.819293,428,97.987,1,1,1,1,1,1,96,72,112,28,84,36
397,45.023380,452,98.000,1,1,1,1,1,1,88,84,136,28,80,36
398,42.820398,428,107.950,1,1,1,1,1,1,88,72,112,32,88,36
399,43.113371,432,107.970,1,1,1,1,1,1,88,76,112,32,84,40
400,46.323782,464,87.967,1,1,1,1,1,1,84,100,120,28,92,40
401,43.569052,440,107.970,1,1,1,1,1,1,96,68,120,32,84,40
402,44.416028,444,97.979,1,1,1,1,1,1,84,96,120,24,84,36
403,42.221101,424,98.000,1,1,1,1,1,1,84,72,116,28,84,40
404,45.414965,456,107.946,1,1,1,1,1,1,92,96,116,28,84,40
405,45.213962,452,107.927,1,1,1,1,1,1,100,80,124,28,88,32
406,43.023697,432,107.993,1,1,1,1,1,1,88,72,120,28,84,40
407,41.627236,416,107.998,1,1,1,1,1,1,84,72,116,36,76,32
408,44.721721,448,107.987,1,1,1,1,1,1,96,84,124,28,80,36
409,41.215983,412,97.996,1,1,1,1,1,1,84,72,116,28,76,36
410,40.814207,408,97.995,1,1,1,1,1,1,92,72,108,28,76,32
411,41.226070,412,97.986,1,1,1,1,1,1,92,68,116,28,76,32
412,44.321891,444,108.000,1,1,1,1,1,1,92,72,116,40,88,36
413,46.414215,464,98.000,1,1,1,1,1,1,96,84,108,28,112,36
414,46.217095,464,107.922,1,1,1,1,1,1,92,96,116,32,88,40
415,42.332568,424,108.940,1,1,1,1,1,1,92,68,116,28,84,36
416,0.108350,4,-5.000,0,0,0,0,0,0,4,0,0,0,0,0
417,42.216524,424,108.000,1,1,1,1,1,1,88,68,112,32,84,40
418,45.026324,452,97.976,1,1,1,1,1,1,92,96,112,32,68,52
419,43.614254,436,107.966,1,1,1,1,1,1,96,72,112,28,92,36
420,44.032950,440,98.000,1,1,1,1,1,1,88,72,132,28,84,36
421,0.082490,4,-5.000,0,0,0,0,0,0,4,0,0,0,0,0
422,42.089559,424,108.000,1,1,1,1,1,1,84,72,116,32,84,36
423,43.725403,440,107.967,1,1,1,1,1,1,92,88,116,36,72,36
424,45.713445,460,107.925,1,1,1,1,1,1,104,84,124,28,76,44
425,42.320244,424,98.000,1,1,1,1,1,1,92,72,120,36,68,36
426,43.516003,436,108.997,1,1,1,1,1,1,88,84,112,28,84,40
427,44.720366,448,107.982,1,1,1,1,1,1,92,88,116,32,84,36
428,1.723167,20,-5.080,0,0,0,0,0,0,20,0,0,0,0,0
429,43.918028,440,108.000,1,1,1,1,1,1,84,88,120,28,84,36
430,43.417687,436,87.921,1,1,1,1,1,1,96,72,116,28,84,40
431,45.326956,456,88.000,1,1,1,1,1,1,84,108,104,28,92,40
432,46.723971,468,97.996,1,1,1,1,1,1,88,68,156,32,84,40
433,42.410009,424,97.995,1,1,1,1,1,1,92,72,120,28,80,32
434,1000.024064,10000,11.000,1,0,0,0,0,0,84,9916,0,0,0,0
435,43.617450,436,98.996,1,1,1,1,1,1,88,88,108,28,88,36
436,41.330105,416,107.939,1,1,1,1,1,1,92,72,116,28,72,36
437,43.420135,436,107.997,1,1,1,1,1,1,88,76,116,24,92,40
438,45.221761,452,107.945,1,1,1,1,1,1,92,72,132,32,84,40
439,44.711585,448,107.952,1,1,1,1,1,1,92,88,116,28,84,40
440,46.037455,460,97.990,1,1,1,1,1,1,92,72,148,24,88,36
441,44.943616,452,108.000,1,1,1,1,1,1,96,84,116,48,72,36
442,47.119813,472,107.982,1,1,1,1,1,1,92,100,128,32,84,36
443,48.022057,480,107.892,1,1,1,1,1,1,108,104,116,32,84,36
444,47.623211,476,107.982,1,1,1,1,1,1,96,88,132,28,96,36
445,40.814847,408,107.936,1,1,1,1,1,1,88,72,112,32,68,36
446,0.120798,4,-5.000,0,0,0,0,0,0,4,0,0,0,0,0
447,0.123265,4,-5.000,0,0,0,0,0,0,4,0,0,0,0,0
448,44.327941,444,108.935,1,1,1,1,1,1,88,92,112,28,88,36
449,45.819895,460,107.903,1,1,1,1,1,1,100,88,116,32,84,40
450,45.110206,452,107.997,1,1,1,1,1,1,84,72,136,36,84,40
451,46.518314,468,107.965,1,1,1,1,1,1,96,100,120,32,84,36
452,46.418913,464,107.962,1,1,1,1,1,1,96,80,124,24,100,40
453,44.022272,440,107.904,1,1,1,1,1,1,96,68,112,32,96,36
454,47.515605,476,107.998,1,1,1,1,1,1,88,112,112,44,84,36
455,42.718990,428,107.932,1,1,1,1,1,1,96,68,112,28,88,36
456,43.834708,440,87.980,1,1,1,1,1,1,88,72,128,28,84,40
457,42.710587,428,107.960,1,1,1,1,1,1,92,68,116,28,84,40
458,34.131861,344,62.996,1,1,1,1,0,0,84,104,112,28,16,0
459,45.604696,456,107.900,1,1,1,1,1,1,100,100,116,28,80,32
460,43.036167,432,107.997,1,1,1,1,1,1,96,68,120,24,84,40
461,44.458248,448,108.000,1,1,1,1,1,1,84,92,124,24,88,36
462,46.000834,460,108.000,1,1,1,1,1,1,92,108,116,32,68,44
463,44.324053,444,107.929,1,1,1,1,1,1,96,76,116,32,88,36
464,47.115735,472,107.949,1,1,1,1,1,1,96,76,124,28,112,36
465,42.327349,424,98.000,1,1,1,1,1,1,84,72,116,28,84,40
466,45.418265,456,107.965,1,1,1,1,1,1,88,92,124,24,88,40
467,45.733544,460,108.000,1,1,1,1,1,1,88,92,128,28,88,36
468,41.906239,420,97.920,1,1,1,1,1,1,100,72,112,28,72,36
469,45.923718,460,107.970,1,1,1,1,1,1,112,72,124,28,84,40
470,43.129496,432,108.000,1,1,1,1,1,1,84,96,120,28,68,36
471,45.905860,460,107.985,1,1,1,1,1,1,92,96,112,36,84,40
472,46.019919,460,107.991,1,1,1,1,1,1,88,124,116,28,68,36
473,1000.030384,10000,14.515,1,1,1,1,1,1,80,76,112,32,84,9616
474,45.509959,456,108.000,1,1,1,1,1,1,92,92,116,32,84,40
475,44.430215,444,107.965,1,1,1,1,1,1,96,72,112,32,96,36
476,0.110909,4,-5.000,0,0,0,0,0,0,4,0,0,0,0,0
477,54.528062,548,87.715,1,1,1,1,1,1,84,72,232,28,96,36
478,45.413890,456,98.000,1,1,1,1,1,1,88,112,116,28,76,36
479,44.634102,448,97.977,1,1,1,1,1,1,108,72,116,28,84,40
480,46.008380,460,107.944,1,1,1,1,1,1,92,104,116,28,84,36
481,43.766783,440,97.995,1,1,1,1,1,1,96,88,108,28,84,36
482,43.626825,436,108.000,1,1,1,1,1,1,88,68,120,28,96,36
483,44.014675,440,107.885,1,1,1,1,1,1,108,68,112,28,88,36
484,43.217222,432,97.988,1,1,1,1,1,1,88,88,112,28,80,36
485,41.230922,412,97.951,1,1,1,1,1,1,100,68,112,28,72,32
486,48.821021,488,107.961,1,1,1,1,1,1,92,128,124,32,80,32
487,43.310641,436,97.999,1,1,1,1,1,1,84,68,124,24,88,48
488,45.726561,460,107.917,1,1,1,1,1,1,92,96,116,28,88,40
489,45.012775,452,98.000,1,1,1,1,1,1,84,100,120,28,72,48
490,45.336393,456,108.000,1,1,1,1,1,1,84,104,116,28,84,40
491,46.802192,468,107.990,1,1,1,1,1,1,92,68,144,28,104,32
492,38.127369,384,78.000,1,1,1,1,1,1,84,72,104,32,84,8
493,0.515153,8,-5.020,0,0,0,0,0,0,8,0,0,0,0,0
494,41.927225,420,88.000,1,1,1,1,1,1,84,72,116,28,84,36
495,44.213725,444,107.917,1,1,1,1,1,1,96,84,120,28,76,40
496,47.424184,476,107.902,1,1,1,1,1,1,116,84,124,28,84,40
497,45.426428,456,107.967,1,1,1,1,1,1,100,88,116,28,84,40
498,44.406541,444,97.949,1,1,1,1,1,1,92,72,120,36,88,36
499,42.627736,428,107.999,1,1,1,1,1,1,84,72,120,28,84,40
500,31.423558,316,53.000,1,1,1,1,0,0,88,72,116,24,16,0
