ep,time,step,reward,T1_succ,T2_succ,T3_succ,T4_succ,T5_succ,T6_succ,T1_step,T2_step,T3_step,T4_step,T5_step,T6_step,LLM1,LLM2,LLM3,LLM4,LLM5,LLM6,seq
1,42.58,340,53.0,1,1,1,1,0,0,88,92,120,24,16,0,2.01,2.01,2.01,2.00,2.01,0.00,"0,0,0,0,0,0,0,0,0,0,0,0,0,0,0,0,0,0,0,0,0,0,0,1,1,1,1,1,1,1,1,1,1,1,1,1,1,1,1,1,1,1,1,1,1,1,1,2,2,2,2,2,2,2,2,2,2,2,2,2,2,2,2,2,2,2,2,2,2,2,2,2,2,2,2,2,2,2,3,3,3,3,3,3,3,4,4,4,4,4"
1,10.97,104,7.0,1,0,0,0,0,0,88,16,0,0,0,0,2.41,0.00,0.00,0.00,0.00,0.00,"0,0,0,0,0,0,0,0,0,0,0,0,0,0,0,0,0,0,0,0,0,0,0,0,0,0,0"
1,10.98,104,7.0,1,0,0,0,0,0,88,16,0,0,0,0,2.01,0.00,0.00,0.00,0.00,0.00,"0,0,0,0,0,0,0,0,0,0,0,0,0,0,0,0,0,0,0,0,0,0,0,0,0,0"
1,10.97,104,7.0,1,0,0,0,0,0,88,16,0,0,0,0,2.41,0.00,0.00,0.00,0.00,0.00,"0,0,0,0,0,0,0,0,0,0,0,0,0,0,0,0,0,0,0,0,0,0,0,0,0,0"
1,10.96,104,7.0,1,0,0,0,0,0,88,16,0,0,0,0,2.41,0.00,0.00,0.00,0.00,0.00,"0,0,0,0,0,0,0,0,0,0,0,0,0,0,0,0,0,0,0,0,0,0,0,0,0,0"
2,53.53,436,108.0,1,1,1,1,1,1,92,92,116,28,72,36,2.01,2.01,2.01,2.01,2.01,2.01,"0,0,0,0,0,0,0,0,0,0,0,0,0,0,0,0,0,0,0,0,0,0,0,1,1,1,1,1,1,1,1,1,1,1,1,1,1,1,1,1,1,1,1,1,1,1,2,2,2,2,2,2,2,2,2,2,2,2,2,2,2,2,2,2,2,2,2,2,2,2,2,2,2,2,2,3,3,3,3,3,3,3,4,4,4,4,4,4,4,4,4,4,4,4,4,4,4,4,4,4,5,5,5,5,5,5,5,5,5"
1,51.04,440,88.0,1,1,1,1,1,1,88,84,120,32,80,36,2.01,2.40,2.01,2.01,2.01,2.01,"1,1,1,1,1,0,0,0,0,0,0,0,0,0,0,0,0,0,0,0,0,0,1,1,1,1,1,1,1,1,1,1,1,1,1,1,1,1,1,1,1,1,1,2,2,2,2,2,2,2,2,2,2,2,2,2,2,2,2,2,2,2,2,2,2,2,2,2,2,2,2,2,2,3,3,3,3,3,3,3,3,4,4,4,4,4,4,4,4,4,4,4,4,4,4,4,4,4,4,4,4,5,5,5,5,5,5,5,5,5"
1,50.99,440,88.0,1,1,1,1,1,1,88,84,120,32,80,36,2.01,2.40,2.01,2.02,2.01,2.01,"1,1,1,1,1,0,0,0,0,0,0,0,0,0,0,0,0,0,0,0,0,0,1,1,1,1,1,1,1,1,1,1,1,1,1,1,1,1,1,1,1,1,1,2,2,2,2,2,2,2,2,2,2,2,2,2,2,2,2,2,2,2,2,2,2,2,2,2,2,2,2,2,2,3,3,3,3,3,3,3,3,4,4,4,4,4,4,4,4,4,4,4,4,4,4,4,4,4,4,4,4,5,5,5,5,5,5,5,5,5"
1,15.26,152,12.0,1,0,0,0,0,0,92,60,0,0,0,0,2.28,2.40,0.00,0.00,0.00,0.00,"1,1,1,1,1,1,0,0,0,0,0,0,0,0,0,0,0,0,0,0,0,0,0,1,1,1,1,1,1,0,0,0,0,0,0,0,0,0"
1,52.11,452,88.0,1,1,1,1,1,1,92,84,120,28,88,40,2.27,2.40,2.01,2.02,2.01,2.00,"1,1,1,1,1,1,0,0,0,0,0,0,0,0,0,0,0,0,0,0,0,0,0,1,1,1,1,1,1,1,1,1,1,1,1,1,1,1,1,1,1,1,1,1,2,2,2,2,2,2,2,2,2,2,2,2,2,2,2,2,2,2,2,2,2,2,2,2,2,2,2,2,2,2,3,3,3,3,3,3,3,4,4,4,4,4,4,4,4,4,4,4,4,4,4,4,4,4,4,4,4,4,4,5,5,5,5,5,5,5,5,5,5"
1,10.98,104,7.0,1,0,0,0,0,0,88,16,0,0,0,0,2.28,0.00,0.00,0.00,0.00,0.00,"1,1,1,1,1,1,0,0,0,0,0,0,0,0,0,0,0,0,0,0,0,0,1,1,1,1"
1,14.08,104,7.0,1,0,0,0,0,0,88,16,0,0,0,0,2.01,2.01,0.00,0.00,0.00,0.00,"0,0,0,0,0,0,0,0,0,0,0,0,0,0,0,0,0,0,0,0,0,0,1,1,1,1"
1,54.57,476,88.0,1,1,1,1,1,1,88,92,116,60,80,40,2.00,2.01,2.39,2.39,2.01,2.02,"0,0,0,0,0,0,0,0,0,0,0,0,0,0,0,0,0,0,0,0,0,0,1,1,1,1,1,1,1,1,1,1,1,1,1,1,1,1,1,1,1,1,1,1,1,1,1,1,1,1,1,2,2,2,2,2,2,2,2,2,2,2,2,2,2,2,2,2,2,2,2,2,2,2,1,1,1,1,1,1,3,3,3,3,3,3,3,3,3,4,4,4,4,4,4,4,4,4,4,4,4,4,4,4,4,4,4,4,4,5,5,5,5,5,5,5,5,5,5"
1,51.25,428,63.0,1,1,1,1,1,1,88,92,120,36,84,8,2.01,2.01,2.40,2.01,2.00,0.00,"0,0,0,0,0,0,0,0,0,0,0,0,0,0,0,0,0,0,0,0,0,0,1,1,1,1,1,1,1,1,1,1,1,1,1,1,1,1,1,1,1,1,1,1,1,0,0,0,0,0,0,2,2,2,2,2,2,2,2,2,2,2,2,2,2,2,2,2,2,2,2,2,2,2,2,3,3,3,3,3,3,3,3,3,4,4,4,4,4,4,4,4,4,4,4,4,4,4,4,4,4,4,4,4,4,0,0","1,1,1,1,1,1","ACT_WAIT,ACT_WAIT,ACT_KEEP,ACT_WAIT,ACT_WAIT,ACT_KEEP","0,1,2,3,4,","1,2,3;1,2,3;1,2,3;1,2,3;1,2,3;",1.00,0
1,53.93,468,88.0,1,1,1,1,1,1,88,92,116,32,84,56,2.01,2.00,2.40,2.00,2.02,2.40,"0,0,0,0,0,0,0,0,0,0,0,0,0,0,0,0,0,0,0,0,0,0,1,1,1,1,1,1,1,1,1,1,1,1,1,1,1,1,1,1,1,1,1,1,1,1,1,1,1,1,1,2,2,2,2,2,2,2,2,2,2,2,2,2,2,2,2,2,2,2,2,2,2,2,3,3,3,3,3,3,3,3,4,4,4,4,4,4,4,4,4,4,4,4,4,4,4,4,4,4,4,4,4,4,4,4,4,4,4,5,5,5,5,5,5,5,5","1,1,1,1,1,1","ACT_WAIT,ACT_WAIT,ACT_KEEP,ACT_WAIT,ACT_WAIT,ACT_KEEP","0,1,2,3,4,5","1,2,3;1,2,3;1,2,3;1,2,3;1,2,3;1,2,3",1.00,0
1,51.25,428,63.0,1,1,1,1,1,1,88,92,120,36,84,8,2.01,2.01,2.40,2.00,2.01,0.00,"0,0,0,0,0,0,0,0,0,0,0,0,0,0,0,0,0,0,0,0,0,0,1,1,1,1,1,1,1,1,1,1,1,1,1,1,1,1,1,1,1,1,1,1,1,0,0,0,0,0,0,2,2,2,2,2,2,2,2,2,2,2,2,2,2,2,2,2,2,2,2,2,2,2,2,3,3,3,3,3,3,3,3,3,4,4,4,4,4,4,4,4,4,4,4,4,4,4,4,4,4,4,4,4,4,0,0","1,1,1,1,1,1","ACT_WAIT,ACT_WAIT,ACT_KEEP,ACT_WAIT,ACT_WAIT,ACT_KEEP","0,1,2,3,4,","1,2,3;1,2,3;1,2,3;1,2,3;1,2,3;",1.00,0
1,51.25,428,63.0,1,1,1,1,1,1,88,92,120,36,84,8,2.01,2.02,2.40,2.01,2.01,0.00,"0,0,0,0,0,0,0,0,0,0,0,0,0,0,0,0,0,0,0,0,0,0,1,1,1,1,1,1,1,1,1,1,1,1,1,1,1,1,1,1,1,1,1,1,1,0,0,0,0,0,0,2,2,2,2,2,2,2,2,2,2,2,2,2,2,2,2,2,2,2,2,2,2,2,2,3,3,3,3,3,3,3,3,3,4,4,4,4,4,4,4,4,4,4,4,4,4,4,4,4,4,4,4,4,4,0,0","1,1,1,1,1,1","ACT_WAIT,ACT_WAIT,ACT_KEEP,ACT_WAIT,ACT_WAIT,ACT_KEEP","0,1,2,3,4,","1,2,3;1,2,3;1,2,3;1,2,3;1,2,3;",1.00,0
1,51.21,428,63.0,1,1,1,1,1,1,88,92,120,36,84,8,2.00,2.00,2.40,2.00,2.01,0.00,"0,0,0,0,0,0,0,0,0,0,0,0,0,0,0,0,0,0,0,0,0,0,1,1,1,1,1,1,1,1,1,1,1,1,1,1,1,1,1,1,1,1,1,1,1,0,0,0,0,0,0,2,2,2,2,2,2,2,2,2,2,2,2,2,2,2,2,2,2,2,2,2,2,2,2,3,3,3,3,3,3,3,3,3,4,4,4,4,4,4,4,4,4,4,4,4,4,4,4,4,4,4,4,4,4,0,0","1,1,1,1,1,1","ACT_WAIT,ACT_WAIT,ACT_KEEP,ACT_WAIT,ACT_WAIT,ACT_KEEP","0,1,2,3,4,","1,2,3;1,2,3;1,2,3;1,2,3;1,2,3;",1.00,0
1,58.27,468,108.0,1,1,1,1,1,1,88,92,124,24,84,56,2.02,2.01,2.39,2.01,2.01,2.40,"0,0,0,0,0,0,0,0,0,0,0,0,0,0,0,0,0,0,0,0,0,0,1,1,1,1,1,1,1,1,1,1,1,1,1,1,1,1,1,1,1,1,1,1,1,1,1,1,1,1,2,2,2,2,2,2,2,2,2,2,2,2,2,2,2,2,2,2,2,2,2,2,2,2,2,2,3,3,3,3,3,3,4,4,4,4,4,4,4,4,4,4,4,4,4,4,4,4,4,4,4,4,4,4,4,4,4,4,4,5,5,5,5,5,5,5,5","1,1,1,1,1,1","ACT_WAIT,ACT_WAIT,ACT_KEEP,ACT_WAIT,ACT_WAIT,ACT_KEEP","0,1,2,3,4,5","1,2,3;1,2,3;1,2,3;1,2,3;1,2,3;1,2,3",1.00,0
1,53.93,468,88.0,1,1,1,1,1,1,88,92,116,32,84,56,2.00,2.00,2.39,2.01,2.01,2.40,"0,0,0,0,0,0,0,0,0,0,0,0,0,0,0,0,0,0,0,0,0,0,1,1,1,1,1,1,1,1,1,1,1,1,1,1,1,1,1,1,1,1,1,1,1,1,1,1,1,1,1,2,2,2,2,2,2,2,2,2,2,2,2,2,2,2,2,2,2,2,2,2,2,2,3,3,3,3,3,3,3,3,4,4,4,4,4,4,4,4,4,4,4,4,4,4,4,4,4,4,4,4,4,4,4,4,4,4,4,5,5,5,5,5,5,5,5","1,1,1,1,1,1","ACT_WAIT,ACT_WAIT,ACT_KEEP,ACT_WAIT,ACT_WAIT,ACT_KEEP","0,1,2,3,4,5","1,2,3;1,2,3;1,2,3;1,2,3;1,2,3;1,2,3",1.00,0
1,53.97,468,88.0,1,1,1,1,1,1,88,92,116,32,84,56,2.01,2.01,2.40,2.02,2.00,2.39,"0,0,0,0,0,0,0,0,0,0,0,0,0,0,0,0,0,0,0,0,0,0,1,1,1,1,1,1,1,1,1,1,1,1,1,1,1,1,1,1,1,1,1,1,1,1,1,1,1,1,1,2,2,2,2,2,2,2,2,2,2,2,2,2,2,2,2,2,2,2,2,2,2,2,3,3,3,3,3,3,3,3,4,4,4,4,4,4,4,4,4,4,4,4,4,4,4,4,4,4,4,4,4,4,4,4,4,4,4,5,5,5,5,5,5,5,5","1,1,1,1,1,1","ACT_WAIT,ACT_WAIT,ACT_KEEP,ACT_WAIT,ACT_WAIT,ACT_KEEP","0,1,2,3,4,5","1,2,3;1,2,3;1,2,3;1,2,3;1,2,3;1,2,3",1.00,0
1,48.71,456,98.0,1,1,1,1,1,1,88,92,120,28,84,44,1.00,1.01,1.20,1.00,1.00,1.20,"0,0,0,0,0,0,0,0,0,0,0,0,0,0,0,0,0,0,0,0,0,0,1,1,1,1,1,1,1,1,1,1,1,1,1,1,1,1,1,1,1,1,1,1,1,1,1,1,2,2,2,2,2,2,2,2,2,2,2,2,2,2,2,2,2,2,2,2,2,2,2,2,2,2,2,3,3,3,3,3,3,3,4,4,4,4,4,4,4,4,4,4,4,4,4,4,4,4,4,4,4,4,4,4,4,4,5,5,5,5,5,5,5,5","1,1,1,1,1,1","ACT_WAIT,ACT_WAIT,ACT_KEEP,ACT_WAIT,ACT_WAIT,ACT_KEEP","0,1,2,3,4,5","1,2,3;1,2,3;1,2,3;1,2,3;1,2,3;1,2,3",1.00,0
1,48.75,456,98.0,1,1,1,1,1,1,88,92,120,28,84,44,1.00,1.01,1.20,1.01,1.01,1.19,"0,0,0,0,0,0,0,0,0,0,0,0,0,0,0,0,0,0,0,0,0,0,1,1,1,1,1,1,1,1,1,1,1,1,1,1,1,1,1,1,1,1,1,1,1,1,1,1,2,2,2,2,2,2,2,2,2,2,2,2,2,2,2,2,2,2,2,2,2,2,2,2,2,2,2,3,3,3,3,3,3,3,4,4,4,4,4,4,4,4,4,4,4,4,4,4,4,4,4,4,4,4,4,4,4,4,5,5,5,5,5,5,5,5","1,1,1,1,1,1","ACT_WAIT,ACT_WAIT,ACT_KEEP,ACT_WAIT,ACT_WAIT,ACT_KEEP","0,1,2,3,4,5","1,2,3;1,2,3;1,2,3;1,2,3;1,2,3;1,2,3",1.00,0
1,48.72,456,98.0,1,1,1,1,1,1,88,92,120,28,84,44,1.00,1.01,1.19,1.01,1.01,1.20,"0,0,0,0,0,0,0,0,0,0,0,0,0,0,0,0,0,0,0,0,0,0,1,1,1,1,1,1,1,1,1,1,1,1,1,1,1,1,1,1,1,1,1,1,1,1,1,1,2,2,2,2,2,2,2,2,2,2,2,2,2,2,2,2,2,2,2,2,2,2,2,2,2,2,2,3,3,3,3,3,3,3,4,4,4,4,4,4,4,4,4,4,4,4,4,4,4,4,4,4,4,4,4,4,4,4,5,5,5,5,5,5,5,5","1,1,1,1,1,1","ACT_WAIT,ACT_WAIT,ACT_KEEP,ACT_WAIT,ACT_WAIT,ACT_KEEP","0,1,2,3,4,5","1,2,3;1,2,3;1,2,3;1,2,3;1,2,3;1,2,3",1.00,0
2,45.74,436,108.0,1,1,1,1,1,1,96,68,112,36,88,36,1.01,1.20,1.20,1.01,1.20,1.01,"0,0,0,0,0,0,0,0,0,0,0,0,0,0,0,0,0,0,0,0,0,0,0,0,0,0,0,1,1,1,1,1,1,1,1,1,1,1,1,1,1,1,1,1,2,2,2,2,2,2,2,2,2,2,2,2,2,2,2,2,2,2,2,2,2,2,2,2,2,3,3,3,3,3,3,3,3,3,3,3,3,4,4,4,4,4,4,4,4,4,4,4,4,4,4,4,4,4,4,4,5,5,5,5,5,5,5,5,5","1,1,1,1,1,1","ACT_WAIT,ACT_KEEP,ACT_KEEP,ACT_WAIT,ACT_KEEP,ACT_WAIT","0,1,2,3,4,5","1,2,3;1,2,3;1,2,3;1,2,3;1,2,3;1,2,3",1.00,0
