method,scenario,episodes,summary_window,avg_score_all,avg_reward_all,avg_success_all,avg_stage_ratio_all,avg_steps_all,avg_equivalent_env_steps_all,avg_completion_time_steps_all,avg_nominal_completion_time_seconds_all,avg_latency_time_seconds_all,avg_completion_time_seconds_all,avg_normalized_completion_time_all,avg_route_efficiency_all,avg_progress_per_step_all,avg_collisions_all,avg_violations_all,avg_unsafe_rate_all,avg_collision_rate_all,avg_violation_rate_all,avg_unsafe_event_rate_all,avg_planner_accuracy_all,avg_planner_miss_ratio_all,avg_planner_legal_ratio_all,avg_target_hits_all,avg_wait_time_all,avg_stage_latency_seconds_all,avg_latency_penalty_all,avg_idle_ratio_all,avg_wait_ratio_all,avg_follow_ratio_all,avg_select_ratio_all,avg_compensation_utilization_all,avg_safety_saved_all,avg_safety_interventions_all,avg_safety_success_rate_all,avg_critical_events_all,avg_critical_safe_all,avg_risk_exposure_all,avg_observed_risk_all,avg_high_risk_step_ratio_all,avg_hazard_step_ratio_all,avg_red_light_exposure_ratio_all,avg_critical_event_rate_all,avg_intervention_rate_all,avg_safety_precision_all,avg_safety_recall_all,avg_stop_ratio_all,avg_steer_left_ratio_all,avg_steer_right_ratio_all,avg_behavior_entropy_all,avg_safety_entropy_all,total_equivalent_env_steps,suite,method_key,scenario_key,seed
LACM w/o SELECT,UGV Street Patrol Parking,5000,5000,33.747,17.4791,0.314,0.5683,29.063,13950.24,61.7344,146.4576,1.1696,147.6272,0.8819,1.2067,0.1034,0.6658,0.0202,0.686,0.0463,0.0009,0.0472,0.7759,0.2241,0.881,0.0,0.3231,0.3231,1.8129,0.1186,0.3005,0.6285,0.0,0.6285,0.0,0.0,0.6808,8.1062,5.8618,0.5452,0.1,0.0848,0.7564,0.0329,0.272,0.0,0.0,0.6808,0.0,0.0,0.0,0.4009,0.0,69751200,Chapter 3 Patrol Ablation,lacm_wo_select,patrol,42
LACM w/o FOLLOW,UGV Street Patrol Parking,5000,5000,38.4443,20.9812,0.3422,0.5206,25.2508,12120.384,59.867,145.6573,0.8623,146.5195,0.8552,1.0588,0.0908,0.6578,0.0,0.6578,0.0963,0.0,0.0963,0.8344,0.1656,0.8833,0.0,0.2183,0.2183,1.3365,0.1222,0.177,0.0,0.5174,0.5174,0.0,0.0,0.6048,7.6748,5.1468,0.5464,0.1,0.0917,0.7484,0.0364,0.2758,0.0,0.0,0.6048,0.0,0.0,0.0,0.2806,0.0,60601920,Chapter 3 Patrol Ablation,lacm_wo_follow,patrol,42
LACM,UGV Street Patrol Parking,5000,5000,47.0476,26.3238,0.466,0.6742,30.6002,14688.096,56.2736,144.1173,0.7834,144.9007,0.8039,1.3935,0.1194,0.5218,0.0122,0.534,0.037,0.0006,0.0376,0.8048,0.1952,0.8587,0.0,0.2052,0.2052,1.2143,0.141,0.183,0.2295,0.5255,0.755,0.0,0.0,0.6748,8.8672,6.2424,0.5516,0.1,0.099,0.7607,0.0388,0.2817,0.0,0.0,0.6748,0.0,0.0,0.0,0.5605,0.0,73440480,Chapter 3 Patrol Ablation,lacm,patrol,42
LACM w/o SELECT,UGV Street Patrol Parking,5000,5000,34.3584,17.8268,0.316,0.5744,29.3692,14097.216,61.7006,146.4431,1.1789,147.622,0.8814,1.2131,0.104,0.6684,0.0156,0.684,0.0449,0.0007,0.0457,0.7744,0.2256,0.881,0.0,0.3239,0.3239,1.8272,0.1186,0.303,0.6304,0.0,0.6304,0.0,0.0,0.6765,8.1924,5.91,0.5454,0.1,0.0843,0.7553,0.0322,0.2706,0.0,0.0,0.6765,0.0,0.0,0.0,0.4054,0.0,70486080,Chapter 3 Patrol Ablation,lacm_wo_select,patrol,43
LACM w/o FOLLOW,UGV Street Patrol Parking,5000,5000,39.0434,21.4073,0.3576,0.5257,25.2714,12130.272,59.3616,145.4407,0.8425,146.2832,0.848,1.0612,0.091,0.6424,0.0,0.6424,0.0989,0.0,0.0989,0.8328,0.1672,0.8842,0.0,0.2129,0.2129,1.3059,0.1217,0.174,0.0,0.5172,0.5172,0.0,0.0,0.6052,7.6886,5.1616,0.546,0.1,0.0901,0.7489,0.0362,0.2754,0.0,0.0,0.6052,0.0,0.0,0.0,0.2817,0.0,60651360,Chapter 3 Patrol Ablation,lacm_wo_follow,patrol,43
LACM,UGV Street Patrol Parking,5000,5000,46.2961,25.9508,0.4524,0.6651,30.4556,14618.688,56.7398,144.3171,0.7014,145.0184,0.8106,1.3803,0.1183,0.535,0.0126,0.5476,0.0369,0.0006,0.0375,0.8057,0.1943,0.8603,0.0,0.1858,0.1858,1.0871,0.1394,0.168,0.2339,0.5384,0.7724,0.0,0.0,0.6619,8.8192,6.0458,0.5516,0.1,0.0994,0.7607,0.0393,0.2815,0.0,0.0,0.6619,0.0,0.0,0.0,0.548,0.0,73093440,Chapter 3 Patrol Ablation,lacm,patrol,43
LACM w/o SELECT,UGV Street Patrol Parking,5000,5000,33.6032,17.4893,0.3124,0.5656,29.0268,13932.864,61.752,146.4651,1.1253,147.5904,0.8822,1.2046,0.1032,0.6716,0.016,0.6876,0.0445,0.0007,0.0452,0.7773,0.2227,0.8828,0.0,0.3134,0.3134,1.7442,0.1168,0.2922,0.6392,0.0,0.6392,0.0,0.0,0.6764,8.0058,5.7562,0.5443,0.1,0.0825,0.7518,0.0319,0.267,0.0,0.0,0.6764,0.0,0.0,0.0,0.3949,0.0,69664320,Chapter 3 Patrol Ablation,lacm_wo_select,patrol,44
LACM w/o FOLLOW,UGV Street Patrol Parking,5000,5000,37.8592,20.6579,0.3394,0.5143,25.0486,12023.328,59.9598,145.6971,0.8388,146.5359,0.8566,1.0491,0.0899,0.6606,0.0,0.6606,0.0975,0.0,0.0975,0.8339,0.1661,0.8844,0.0,0.2149,0.2149,1.3001,0.1212,0.1729,0.0,0.5163,0.5163,0.0,0.0,0.5994,7.5934,5.052,0.5452,0.1,0.0905,0.7484,0.035,0.2736,0.0,0.0,0.5994,0.0,0.0,0.0,0.2739,0.0,60116640,Chapter 3 Patrol Ablation,lacm_wo_follow,patrol,44
LACM,UGV Street Patrol Parking,5000,5000,45.7511,25.6122,0.4478,0.6608,30.2902,14539.296,56.8876,144.3804,0.71,145.0904,0.8127,1.3763,0.118,0.5424,0.0098,0.5522,0.0365,0.0005,0.037,0.8048,0.1952,0.8599,0.0,0.1845,0.1845,1.1005,0.14,0.1659,0.2276,0.5425,0.7701,0.0,0.0,0.6628,8.7776,5.9898,0.5514,0.1,0.099,0.7608,0.0388,0.2826,0.0,0.0,0.6628,0.0,0.0,0.0,0.5348,0.0,72696480,Chapter 3 Patrol Ablation,lacm,patrol,44
